Loss,Voltage,Rotation,Stability
112.2261697,105.6915633,159.0234555,89.00229859
45.57077232,102.9417451,155.2655188,92.42981066
70.10534084,104.9897958,149.0049719,95.21287598
238.6750265,97.52586103,163.0935618,98.13864315
128.0935326,110.6148979,151.6040332,93.71745486
503.3847302,103.1641945,127.7069874,90.86655695
349.4182261,118.4078824,146.5318091,89.20797128
458.7384416,110.9041791,131.2814667,88.32413886
181.674762,112.3525891,154.8853066,91.60220918
232.2522909,107.6280804,162.6906917,85.07623587
663.1198458,120.3136337,156.7205018,104.5690268
249.7638365,104.8037627,165.0250338,92.70186459
199.0740881,113.4161429,150.1423547,84.57395716
408.2825076,108.2890666,168.661801,88.41598596
83.08898956,98.79646977,143.7685384,83.53808549
4.258411891,100.1535623,145.9348352,90.76458619
390.6647768,103.9255847,137.009899,76.04605924
341.5996894,105.4326836,159.9819789,75.11860659
44.98005483,104.2622465,151.9427072,95.59611378
471.8688319,109.5719467,168.7087591,94.01332098
77.62723847,100.9268624,143.302502,94.94810473
316.2942376,114.5673129,146.2121598,81.01863411
203.3453602,97.66399587,152.3286711,103.3474187
1110.086347,118.8579366,173.2725051,104.3479609
103.2520528,107.9489819,144.388628,87.24922463
462.3616379,96.02839045,128.7621894,91.14273692
429.4667519,88.79096016,164.724116,100.0853649
326.2862295,114.4098617,158.5670047,96.40771837
88.88368672,98.96418197,142.3924774,95.53469687
66.32458788,106.0015066,154.655193,93.2504148
279.8921908,107.851423,138.3417654,98.83417905
126.1773844,110.6024269,149.4907014,92.87378069
177.7600478,102.771315,154.0094957,102.5101655
23.72820479,102.0363279,145.9922066,90.16893736
573.1656173,89.11662842,155.1646116,110.6212276
866.1465208,111.87527,124.3730782,98.70023207
221.7394536,105.6152906,148.766588,103.6705581
53.75061476,98.89701163,145.7311933,96.52427656
194.285958,100.1502915,136.6764559,85.91148929
200.2790816,93.84174806,162.822598,89.95677589
197.595022,105.6207238,138.8011967,83.38991401
400.9512471,114.859098,161.6573847,83.9792488
48.19797955,98.44869213,148.2339785,95.90155752
89.03832453,93.4382896,155.4080626,91.52804774
909.4004322,122.9499191,130.2548054,88.25793486
489.9799874,107.5974066,130.4834148,85.35969562
365.0647212,85.571813,161.0977161,85.10182575
257.1413992,114.8254863,146.8386938,94.64580921
113.3070117,92.96828854,144.2180761,96.18844897
221.1907218,103.4990019,152.2973284,76.23401891
59.46953555,94.82234247,145.7873371,94.1801673
276.5845412,107.5593871,161.4481354,80.43257115
861.3723777,102.6719189,177.2136419,99.23326809
485.7326365,115.701105,164.9354757,93.78719575
72.52929126,99.20268796,146.34252,82.0588042
740.5410022,121.5543488,165.7305211,94.45738874
355.3255831,85.4891478,161.7826568,93.50088861
506.0087766,90.44937982,169.8830193,85.35063393
816.8646098,118.4137235,134.4951569,74.5911668
460.138531,92.59300327,150.7756901,70.21083539
135.0629585,88.58944961,150.8259077,89.1334501
394.2011278,107.0520936,131.1513225,92.5892748
110.0822062,91.57308382,147.5143321,94.71577805
145.0904562,107.0138271,140.5057692,92.40034149
89.31917426,103.2003406,143.0626852,85.18689624
121.4132679,110.7904412,146.8698567,89.3554896
1.013242171,104.3370268,149.3758483,90.8689691
255.6271818,92.28173341,142.1451038,78.60117609
256.3506818,96.53682633,136.3210271,82.76490827
99.81881651,99.32858965,156.4437709,82.63176123
749.0186906,116.5931153,128.632135,90.96603077
32.52776592,101.1318298,145.3987343,94.60773658
1110.156148,117.9834631,176.4543507,80.40763653
36.52727401,99.71213832,154.3420068,92.8524127
30.88975729,103.7593389,150.9355341,96.91393122
116.2519211,100.7900947,140.2617638,85.54222328
67.36903066,99.39182044,156.7641805,84.51793938
144.1368292,92.6597905,154.3942194,81.53714656
352.2073158,97.59148847,161.5818146,104.9445664
1064.368979,85.478814,120.6469065,89.61373723
211.0276707,96.65816004,136.9503538,86.07376931
111.4288451,100.5339781,159.5940367,86.18023029
16.71994,101.3926526,147.0280094,86.72960222
691.7190535,98.21591271,124.2921244,94.76128023
106.4345041,93.09188772,143.7395184,89.53296765
132.007284,89.91916399,154.7286494,87.50376604
466.1415113,118.8565509,160.5965724,90.36878281
703.9348112,104.3125117,173.5353663,78.79000933
341.9461704,109.710677,134.2214428,92.12499443
92.76905414,109.4343638,149.7461389,87.11131612
450.6950681,109.0074626,169.4138083,89.88249313
396.1962302,93.554549,168.0011748,85.65018198
238.5898365,85.84303104,147.3220432,95.19863416
542.9794669,116.5886057,146.9190965,73.99435753
311.7055246,82.48257138,152.2475984,89.89604399
130.4310686,89.6956425,154.4844698,91.54129051
160.245708,94.93890124,161.0869382,88.1119521
133.0774282,93.55461171,158.3753043,93.43451917
337.692095,82.30604999,145.9545392,88.29406853
1021.213305,129.6776928,160.2429478,94.63504928
39.67937622,101.247158,151.552804,94.9280054
85.13777662,91.40456386,149.1739496,95.78253232
99.49962558,97.82054146,155.207125,82.5304571
157.7408157,90.22453798,143.5661633,90.97515529
309.120517,83.70143896,147.9278384,84.72893008
398.0712449,102.8253905,167.2674714,81.6949526
248.32807,107.8424768,152.5954322,103.336762
9.341555883,100.4507261,152.4395512,88.37218307
656.7836021,93.89246856,131.3229424,74.09608134
240.0201024,96.23507321,135.8792535,86.00670789
398.9611045,98.58933521,144.0694394,71.10359688
174.7344711,100.811851,162.2594994,91.02727566
81.05622596,104.6403529,150.7175455,82.57754288
302.286344,110.5298378,150.1305711,103.1256765
184.1066461,90.78336695,140.6162869,85.4793693
351.5742229,106.494519,146.1405654,73.06282904
13.22906136,97.8453334,149.1951297,90.60976264
228.7240662,108.2511812,142.4073379,79.70085911
299.0562795,108.6822407,164.9613648,89.59717184
274.4130554,99.88730377,166.2265029,88.21776914
385.0191677,103.7246867,145.2201259,108.7517764
428.843878,79.69657698,154.3976938,87.64722095
217.883451,103.6324954,157.5354505,102.380632
533.9411173,103.5476514,127.5301322,85.44372731
232.7356401,92.18599164,159.8714777,97.47570471
185.4102772,87.66820734,148.6765448,95.18769083
305.9740503,114.1357271,160.7249464,89.78971231
387.5946245,114.9565573,161.9669748,85.53651975
42.09695099,102.4889141,153.9803185,86.77735167
126.176757,89.77005293,155.1806409,92.13255857
89.89276715,107.5075274,151.1907126,89.23754261
123.2445024,98.71291899,157.36065,97.36660042
716.5216957,115.7233259,137.8281706,107.2671256
439.5530225,111.1321196,132.9892588,93.99901575
156.7694654,112.5632072,147.679611,90.3338584
163.7776537,98.32502096,160.2301168,83.00592411
690.9858341,97.22732263,172.5709611,76.78482573
689.2020425,121.1408802,166.1437576,88.11981419
431.2092637,95.98854318,129.9825483,85.89248957
44.13036147,106.2087975,146.757981,92.32445793
276.9076717,116.1547511,150.3299664,94.85593133
133.3479043,108.728573,144.7190776,85.89157276
129.751155,111.703297,151.6731105,89.01629465
656.9265295,82.3449488,168.4616536,84.95151943
625.7253791,119.6942919,164.7164737,86.89011439
502.0230348,78.39130687,152.3810311,94.49794814
730.1807714,92.40855383,174.2835028,99.38295957
423.136369,93.02947212,145.2271841,70.95930525
43.85733466,103.0245089,144.2678217,90.46379975
387.3792978,113.6022649,135.4759941,90.90389414
324.8161501,107.7284772,135.5792643,83.15331828
172.6775048,96.7882905,142.0200155,100.2803756
151.0507032,94.63659166,153.8912985,100.4769938
85.39046301,99.17595186,158.1102394,87.06826217
162.6744879,92.93099327,160.6524641,89.45737185
88.79929137,104.9318655,141.5260624,92.73908174
256.4771176,109.1399869,139.0389818,82.33137168
176.7293686,89.75023221,143.69035,95.68794981
300.842912,112.7174969,158.4152997,97.98244563
490.2576105,105.9180933,170.8290997,89.80947326
805.0912903,97.47495951,177.604297,94.87621942
8.046837893,99.59078173,153.1367521,87.73595808
256.3004884,96.62803684,158.9571403,77.93050157
8.778066422,99.04206473,147.3562637,86.61581492
591.7581311,95.87175766,173.7548788,84.18599665
462.8340495,82.05995342,158.725422,97.8915701
172.0492121,105.6175047,156.606919,99.11998513
74.0713687,93.92342044,147.5844349,96.13128122
253.1721377,102.7323453,158.2082476,103.5749171
157.0395698,87.7495177,151.7362357,87.47765177
178.3093404,98.52272032,136.7618733,91.01632924
1111.6585,132.4638317,156.3298007,85.99489688
152.5156102,109.8939782,141.4794945,88.63156189
148.1831437,98.43551782,161.9156483,87.29855207
153.6264204,96.20131473,159.3525846,98.28359657
871.744157,97.67959369,123.9234402,77.58359651
339.6142421,97.09202575,132.4809685,93.20399888
386.3487496,107.0848897,167.6079508,94.44210032
248.3917281,108.3167407,162.5969747,95.27882923
538.3418989,85.41402928,166.3973542,97.22840223
177.9404995,105.4403865,151.0327698,77.86097938
170.5887125,88.19545553,144.2657109,88.13373142
685.2770674,95.96959879,127.1590451,102.3014253
217.4888444,89.38636061,148.526141,100.2190811
328.9946513,84.90451839,141.9935434,84.41689613
99.41105258,103.0210078,147.5245058,98.22874578
274.9339692,114.5263302,147.8608035,97.77106829
161.5888722,100.0275784,143.0799423,78.58653016
93.77594372,100.5126893,140.2262845,88.01809327
1335.922618,105.4095241,185.8656671,93.79321459
166.9509002,100.6571092,137.9787288,94.74541581
138.7600997,111.1168865,144.1972165,91.18449711
1206.158628,113.2576938,119.403848,81.12439912
370.8993415,111.531384,164.5125331,95.1276179
111.82073,103.4402457,156.7721249,96.96297744
432.8444731,106.5971301,137.9275446,105.8017032
119.6122969,88.79626666,150.092136,91.719395
342.5452482,94.87610903,165.5102564,81.74425031
42.44485909,101.5277378,150.2369763,84.10383117
1280.827859,66.9254235,160.2105772,80.69637537
587.3356919,84.97445504,131.7938311,87.3136347
168.0560327,105.1468163,162.5348443,88.38700256
60.10252593,94.87476398,144.6100162,90.85810625
169.750322,98.67530162,147.6298305,102.0456702
680.0612825,82.97296139,167.2171295,81.25529612
244.4372892,103.6921588,139.4376443,101.2409156
492.1994619,121.9201581,152.6911706,88.5922998
308.7597898,99.35980954,156.2893939,73.87776275
87.8417785,95.11935741,158.2022425,90.37905902
126.033925,89.90737105,149.4305421,93.63319325
430.6772831,80.7082555,153.8243017,96.12561903
453.9627674,119.4717934,146.7863769,82.19488552
149.0229272,107.4021865,159.5209905,88.42411388
178.8072972,91.86334322,155.138075,80.65738871
20.5745949,103.0570806,152.7559151,93.32790061
195.9721283,88.99640803,158.7274276,90.0295646
179.0528637,92.42434131,143.2036687,81.23603971
665.0929316,88.14459489,172.2336117,86.0646597
443.4277111,119.7729719,156.6054115,90.31533248
120.7699829,109.4370782,154.9115265,89.52897212
173.1446643,111.8474713,144.9166001,87.99566672
13.76423807,95.79959513,151.5730767,88.83353505
226.6108971,105.6287806,152.7306869,76.2679593
819.0807129,72.47141348,144.2966875,95.47197029
306.1003421,90.9114294,135.9253319,85.50336412
290.4151055,111.382334,137.170778,90.46920563
771.7010657,85.13583005,131.3328147,76.0025343
128.6976296,98.37764523,160.9257713,88.58115654
160.0490356,101.1126965,138.9340471,83.95374063
15.19655947,96.31013535,146.3519558,87.83274396
205.1047025,103.0750033,148.2778543,75.97460064
69.21433629,100.9743004,154.1379341,96.74217081
154.6920547,111.5815984,153.6184943,85.51072296
11.68284035,100.5730629,152.2580674,89.24457053
672.5537933,77.59778065,157.859651,79.72439579
156.7486614,103.9102547,162.1622115,89.58878125
287.9295697,91.910622,138.3837063,99.37954886
303.3857747,92.06563391,141.2478334,103.0002693
319.2962437,97.77255831,165.9591213,96.98301205
392.1872778,118.8510862,144.6579225,90.71379457
193.4750829,89.39427661,143.0802403,93.62111137
21.02953691,96.70914361,147.7252928,91.82915686
477.6800689,83.01586874,150.4963993,76.54748154
342.9478257,102.8976433,167.4352256,84.41472504
270.7597016,98.78480937,161.0767334,77.93830153
153.1114706,89.5280374,154.1842651,85.49521859
25.89228967,102.4315163,154.6939545,93.29203305
78.69299936,105.9332702,145.5857124,92.76617913
44.39283893,103.9245874,154.7594019,95.63855035
284.3388678,107.2832845,138.2325186,80.10142065
570.4298053,93.11197826,170.2588182,79.58497081
272.6782845,95.35334552,134.1901556,91.69260882
132.5856354,92.81669047,147.5813848,81.67143753
495.8586737,93.24519125,170.2009664,83.22066356
346.0357118,87.26652781,136.622122,91.76551457
314.7681762,84.89517356,145.8488764,97.80490777
76.24470527,98.24074211,141.7723253,88.10179977
351.1641496,109.3064712,141.7620554,76.03875198
277.6603411,102.3663875,143.9922886,74.35625822
52.26803501,97.67359024,155.5350986,91.852348
357.7591969,114.6901241,157.5494092,98.80681798
391.1274188,110.1531459,166.5967479,94.01148204
332.0889242,109.7933306,163.6901259,95.62422991
845.4359152,92.24929736,165.8310526,113.2195663
536.1608858,78.90093136,155.0747845,81.47884045
264.6905709,110.1549184,142.3568134,80.07543881
159.9848743,99.55147214,147.0298839,102.2069182
334.3866616,114.4147462,159.2474472,95.76774661
80.98111793,93.51874736,151.0845915,95.77050337
73.84632954,94.15268882,155.5136687,87.24932722
166.5373048,111.8847856,145.6878332,86.37303014
173.7958451,112.6011011,153.2505121,91.9153854
190.2558922,89.26832282,157.8525068,86.90342883
249.3727359,102.6592714,159.3788557,78.93266156
132.238207,98.73160366,146.2713858,100.7269665
284.7279261,88.58951503,159.2019669,82.53663466
550.2097539,82.24451029,139.3434689,78.67290383
28.96556933,95.86139576,153.8045019,90.25058426
425.2454185,107.2621279,159.6300617,73.62117449
220.3823025,108.8350876,140.1452798,96.90642496
172.5637276,108.941968,149.8762862,80.6486584
181.1514625,100.4002479,162.897525,88.14238733
330.6077538,102.0124155,137.1131855,77.01937952
15.89697403,98.30984326,147.7940059,92.49121759
10.35253804,98.36568354,151.6150201,89.35159702
148.2618298,88.06837284,147.3970309,87.69446342
152.7744313,93.47242977,159.3475809,93.40321966
410.8597463,97.74691289,129.8390543,94.16517943
142.4202459,101.5738179,152.9889882,101.5104844
237.3868324,113.9191379,147.7819498,83.69509272
534.1267013,106.3689338,127.493736,87.66437674
1412.575502,91.16815543,183.861717,76.60530198
193.806303,110.1911755,145.5521784,82.86785206
303.3924602,117.2159574,147.5462,92.58622376
64.25913296,95.7338533,154.9658956,85.39922748
410.9879713,88.72505457,151.412343,106.7450382
510.6273806,87.40726237,132.5384698,97.57991642
68.28882547,92.99578185,153.9384172,90.18589914
450.7705411,84.20363295,139.7122638,99.99633554
304.1322566,87.5553144,150.7345618,78.09499387
290.4657815,108.261344,162.2640685,80.52070536
245.7737012,93.77871214,137.7679177,97.73103608
572.8064654,121.5502622,139.9649825,87.67794365
247.4456554,90.23166629,140.6746426,82.39428613
535.3583406,83.70025031,150.7399142,105.8945831
289.7859518,111.0378028,150.5055909,77.73095777
399.405745,101.3467673,133.959716,78.27110928
397.5895639,88.7066896,156.2183946,104.8965893
51.99914103,93.2871002,149.3913307,93.01070109
25.01787706,99.36969735,151.1640822,95.51698838
149.9884892,107.3168396,158.7963711,85.4896899
79.65574839,101.5049715,152.3609801,98.4249462
715.7738047,88.36459581,142.2636945,112.7067652
217.675934,102.4959651,164.0355254,87.40908824
1020.970632,101.5183569,181.5600005,86.28962133
118.4156533,97.09331935,155.905992,98.77819613
309.060604,109.5631081,140.0772492,79.37516501
295.4443216,100.463347,160.2224139,75.91795207
160.9301965,107.5421161,140.8582442,85.20664204
135.8788753,94.10926531,152.5708825,79.91997696
93.29814068,96.96918192,158.9168169,88.60231126
773.6220817,89.38842081,124.7248686,93.58081913
293.3052121,114.1570989,149.4736536,100.1317394
154.1388646,93.94201615,159.9331895,88.19376562
272.9905826,85.64468244,156.2848492,83.5302549
326.4107013,94.08160026,159.766973,103.8860218
165.5638343,100.7586718,160.4150352,98.66649456
665.3933072,104.007474,127.1550964,100.6256152
735.7179553,96.21335437,123.7276274,96.22698011
1.060471536,100.0071537,149.6027345,90.44356352
195.4930715,98.42650128,163.7701185,86.10757404
282.859093,111.6961334,162.0139658,88.97434854
716.6553962,88.75970318,164.810773,109.3560276
358.9867326,104.1354458,165.3956742,100.3537525
89.57479737,107.6974701,146.4000125,84.37379543
112.9919135,93.32136676,156.1289846,95.30827135
69.50811387,104.2948906,152.0203316,84.63018616
381.9320022,83.63193533,143.6135797,82.52270236
76.16519742,93.05225844,148.5963797,85.54410249
14.56335177,95.12732849,152.4719778,88.83848701
145.7313271,89.78197267,154.8642658,85.56308523
107.8417561,107.0805126,150.7435328,97.59222887
253.4669367,107.278662,161.7183303,96.86667225
83.86039729,98.76692265,157.0071919,95.44868899
213.9683688,93.72087784,150.9843187,103.3565211
201.8131978,113.6827711,144.6826571,89.60982713
143.006116,102.7542649,149.1913687,78.37132571
38.56546919,99.79339071,146.3249924,94.58202915
349.9526894,97.22806125,155.2599166,72.37279532
300.9811939,101.1805865,166.02049,83.67338905
335.3876607,94.77667819,160.7162284,76.28866702
378.397771,89.14499555,159.6071137,76.41311739
523.5061291,121.2600062,148.5958821,82.08643889
77.77416646,99.48858831,146.8975938,82.4852611
362.0548383,107.270805,133.2674816,88.33644201
186.4653981,108.8949214,158.2421016,96.2907539
328.9303735,94.27585499,166.897005,87.3242027
87.53525439,107.4971688,148.0993196,95.80432119
450.7316328,101.2440677,130.718762,81.36494673
255.5889039,99.058779,150.0445035,106.2575346
230.1347987,94.38687791,160.8248371,99.44704355
203.3667533,96.4930274,137.3498117,83.77336207
170.2174857,88.94737363,157.1735662,91.36210536
199.8301598,107.4095198,163.5431623,90.94567318
560.6905525,79.7461972,142.300832,99.01415793
631.0602463,105.162779,130.9582572,105.8342818
53.98102317,103.7261187,153.3452429,86.4264814
212.584102,95.51152184,145.6923535,102.8762895
12.64369102,102.0404701,146.5544394,92.42302007
146.7773706,111.1471212,154.1027496,93.04416551
95.64927442,104.2814929,142.6675659,85.29815456
90.70671021,91.80163015,154.3990265,93.29796487
250.221048,114.5009099,145.37229,94.48544109
264.9675086,101.9277716,134.2979301,92.67707262
312.3854291,83.24927406,146.1462313,86.96958084
535.880857,117.7660288,163.1243492,82.59182534
112.6583395,103.3749551,145.3704227,82.13273494
212.0494516,92.88673293,149.0885359,103.2000427
246.6760213,113.6951132,154.8698355,84.81313011
105.6764517,97.43467006,159.5344212,93.78638814
266.9884871,110.3187494,152.5570674,102.2976802
249.6819557,102.8754489,134.3229064,89.65661051
222.7103356,104.7796507,147.8282244,75.94706263
156.0202112,95.93088306,140.204643,97.16575943
270.145628,86.37362202,158.9661159,89.83744066
112.1532894,108.3005023,156.8596502,91.03033423
233.3539639,109.2143203,161.541083,85.56319738
129.8722182,111.0994215,151.1703717,88.01208633
26.83011892,102.7325337,147.6505127,95.12974575
267.5631333,88.81015723,141.1161024,82.61030222
365.3191238,112.7180797,156.7457955,77.87532722
852.8882564,94.0610127,143.7060562,117.865071
23.99498102,102.6416654,149.4747335,94.68495385
303.6797505,112.9627712,154.1507126,100.117376
226.4951403,96.66308777,154.8883383,75.8517404
336.3229842,90.64774205,140.5594579,102.7712807
516.1313715,99.19627144,170.0107907,100.7647257
23.24081102,104.2354079,150.4445701,86.7725072
110.1476819,93.36395788,146.8892038,83.17808728
416.9299087,82.4148632,140.930021,83.34935314
265.5497293,106.4913721,163.8345532,84.59368074
198.5468296,112.4092724,157.0004823,90.30218535
263.5051712,105.3554236,160.8039614,79.01694108
586.2862667,90.0137013,133.3052271,75.65630882
100.0082206,107.6215532,155.2741393,89.54875042
213.6194878,114.962201,149.7180909,90.22660749
202.107568,110.7524199,142.0522663,95.47804392
587.2215812,110.4468196,131.1929713,101.7289481
157.6129671,100.3913066,159.6590909,98.74361597
271.1207688,105.9915209,153.1286651,104.4228816
484.5398962,96.16772306,132.9206038,103.5649032
463.5136652,98.58980912,170.2887287,83.3016307
303.9414659,88.85305684,163.7662036,89.98654676
103.0191051,103.8832626,156.3296701,97.33353024
659.4405789,75.14461891,147.6190881,84.27963325
266.1848595,100.5905126,165.791092,88.75818334
35.47206317,98.83832156,148.1193005,87.08129157
524.6502233,97.3455001,153.6337308,67.29973733
197.9842322,110.8717521,148.4916935,81.25631421
801.3285798,121.7018432,166.8562566,82.97849782
30.43451203,97.21898062,153.5831565,85.77582516
36.47896974,100.5553727,146.375332,94.58214215
56.41119001,102.3499291,143.0914847,92.98046419
457.8494458,93.76202475,168.8395354,98.92542596
991.3115934,101.2162686,166.5994013,63.60314319
56.02759756,93.34938119,151.9849399,87.12694279
85.73272698,92.58697497,147.2195813,85.86597273
24.62328198,100.4246004,145.6270251,85.57106435
323.5693857,99.338363,163.5223275,101.5669251
42.73267345,104.3577228,155.3509298,88.32537209
338.0851897,112.4610846,163.2958279,86.21709974
398.5289358,113.3219063,153.5779817,75.74446919
50.71629154,99.8213124,143.2778298,91.92657401
124.9197424,106.981183,141.0848881,93.71737772
481.833982,82.02806333,160.6353428,83.79832064
239.1644132,106.3917454,141.0131431,79.08587186
107.0751981,89.66580587,154.235947,89.60684958
129.4372907,109.6807463,152.9587156,95.32776522
650.4712827,98.59769589,174.6800116,83.78870524
-3.443695554,101.4181097,150.953235,91.85715892
171.5852554,97.87371718,161.8272611,85.22077658
861.6517816,100.4417571,179.304921,88.91662979
444.1879836,100.0338874,164.0770748,74.41683404
423.5347813,105.9032156,134.1801992,101.5319963
289.7741638,85.40661501,147.0934321,97.07167664
661.2588924,104.0738765,167.7542338,108.0061954
232.5018785,109.9975441,158.3171858,81.18238116
293.6234326,85.56401348,142.9394108,84.31123238
309.6442023,101.2546987,166.8006993,85.90725127
93.63615498,105.8689846,157.2556808,92.34946461
647.5228386,76.11176592,156.097768,96.22591778
472.2027672,94.14868148,129.4413144,94.97000044
493.3610015,82.56864408,138.3363094,82.50693725
231.8887696,95.42083912,136.044637,94.92197673
229.4016191,114.2144352,152.4851122,88.58767656
114.5181965,109.7494903,152.7566048,94.01853797
554.6367285,111.1851031,142.3000819,70.74333439
266.1500959,115.3623413,147.1359428,94.08432942
16.44010246,97.74559247,146.7828325,84.88337574
304.9219869,107.0855922,142.0790564,103.8174277
530.0336307,88.35721042,169.6326063,86.44234227
499.8370923,112.7743208,135.361228,100.7790798
20.16915694,101.9975721,148.8578138,85.56083982
327.8426663,83.20768845,147.3791718,95.20738689
174.2261102,91.40494105,144.7394586,81.73067499
17.59605047,102.8714148,151.3479118,87.62508048
736.4442472,90.17636394,129.4481042,75.003644
541.6589459,97.34905183,172.6344561,87.96856892
304.2867102,100.7042265,132.408096,90.37123873
415.184407,80.78322498,143.3569271,87.86188586
84.84649636,93.91643298,149.4046502,84.11777733
263.9139137,87.50687236,160.552283,90.00005276
655.0087187,118.7810928,133.4446892,82.98917792
70.86741784,98.91610022,157.9367539,87.84511838
650.1086221,113.6926964,129.6532885,83.44742792
387.9883561,86.85523812,159.5794245,100.9720168
835.85872,89.335175,128.4698347,73.41832068
119.9674654,109.9988001,145.3235397,88.82576866
658.6121479,121.9895427,144.6997431,78.29847656
312.4154338,91.69876817,165.6554795,88.25468848
53.17626451,98.88796942,157.4057151,91.04340562
240.4099296,85.59419823,145.0256616,88.21855982
430.152638,102.0658507,130.3455822,84.8413278
466.3872912,95.99444852,170.7210182,93.63696858
266.6891323,109.204893,161.9703887,96.72650412
88.89328787,101.1763221,141.5169408,85.48258584
399.3509777,97.63461753,167.9948845,98.14264362
449.5770068,104.2283726,129.3637465,92.76461292
149.2516999,108.9139886,144.1015628,96.28490175
52.46759958,103.572982,145.5564902,94.78110867
31.53634545,95.61513756,151.7619927,93.1757925
361.3697415,96.82082204,131.1245173,92.41922742
1003.993221,108.7719816,177.9112875,102.3188742
460.8734569,88.68527652,132.0255391,86.75837997
80.21399094,96.19936305,142.4126613,86.89298582
137.3301932,104.2535603,150.1318138,100.7271966
115.5624302,108.7511805,145.0099562,94.2256438
101.7423542,94.18759007,155.4698444,83.26723925
163.3879654,93.97966943,159.2664288,95.5238937
592.5079502,83.34804423,163.4253323,101.9797821
53.97400108,103.3452703,146.526789,96.11312764
431.5520561,110.9050711,166.1685675,83.49673789
194.3335076,109.7858388,141.6898785,90.07229079
166.9558043,95.04232074,160.7086126,95.65657094
310.3897696,109.8005427,136.749081,83.42457614
171.989248,104.0958753,142.4505705,100.1091556
77.5938243,91.42835126,147.9388483,92.82305417
382.4383901,113.4335107,160.6922306,100.0759821
814.1585864,107.1509295,157.9945295,63.37318369
44.6976511,96.7251951,150.6652461,85.17191393
35.17243396,98.2086063,143.772657,89.07692064
769.2484594,110.2892093,172.1318428,103.2897294
59.91928326,107.6207116,149.7928792,91.87788759
46.37676868,102.3240459,146.2796282,93.94399142
346.1437411,114.0303181,160.5159565,95.86716266
392.6865209,91.74470261,132.4443619,96.10603029
165.3168851,89.85035457,152.3362925,82.41721621
210.7847549,85.64304599,146.1380897,88.76189548
726.3676,80.2067309,143.9701772,107.173113
210.8823161,90.23615003,159.8655297,85.35882661
295.9691991,87.83799615,138.0986182,95.01590828
54.78583458,96.3002293,148.9740885,84.528709
279.9170353,84.10151507,147.9931426,95.37730974
312.1641363,91.25579612,156.9560546,76.35644282
325.1004877,82.50034812,146.6449852,89.64021371
560.5296319,118.4238252,161.3592497,98.50296884
24.36147059,97.47637637,152.9550874,91.96037804
665.2484727,92.85444748,174.0260798,85.02065449
237.1413416,97.53708201,159.5130709,78.10812594
92.75887006,99.51975177,145.3951533,99.04471824
380.6979422,112.2203156,135.3172956,86.06854528
239.2039658,89.72657748,160.6696817,85.03900866
51.44152781,95.2061789,149.7441509,94.47546837
224.528615,106.1155921,144.6846134,102.7052121
204.6342434,95.6666899,162.3956033,85.23175445
130.4558664,90.65555369,151.7520348,95.779849
141.964475,95.70809035,155.9711041,80.1005655
312.4585429,106.2108043,134.3863737,84.06527818
331.3023286,117.5469242,150.4689802,95.59365335
312.9673762,87.00709147,139.3488161,83.67388409
198.2074704,89.83280596,140.8342063,88.84249021
498.4304215,86.19884451,132.4675995,86.51764915
89.30115543,93.85202327,150.3962707,82.52798033
50.49684171,93.37414857,150.9781561,87.73233251
295.314236,104.8243011,135.1972137,96.16022176
343.5809951,92.84650707,163.4623637,79.50508191
495.813362,119.9032215,156.7065543,84.53122111
914.1344063,80.64162243,149.6758617,112.846126
47.31065655,104.757798,155.5487375,93.15894562
251.47319,85.36651427,155.07074,92.54204591
273.9596392,104.7296411,134.6291467,86.45803783
275.53978,90.67205408,139.3415022,80.90978141
240.3020111,96.45048293,135.0593225,91.99386653
551.0520848,115.9278684,163.2730988,101.3651424
222.8503109,112.6671655,147.4973803,97.8002374
145.8894673,105.5169374,148.719214,100.810465
24.59051299,98.52649321,145.6589443,89.75905935
105.9309125,104.4498646,158.4034101,93.57594252
197.6426361,101.7595661,136.3566171,92.1672905
17.55344049,103.5425733,148.8345595,92.56848955
450.9671443,87.32144285,148.2508933,73.03707447
240.6489598,86.74622934,155.024888,95.44551935
425.1557155,91.21178821,150.0866092,108.5240777
272.6197473,83.50938538,150.6037926,89.29085965
602.3488087,118.8102367,146.1032656,74.93493203
804.1437401,93.54535451,170.6987895,71.73857176
531.5955939,81.60318535,149.8387731,103.7571331
66.69846859,105.0601412,148.090532,83.59380964
61.52769631,98.37836917,157.4820203,87.10339442
430.6409225,120.4217215,152.8559769,90.97158705
154.8150071,90.22343225,148.6263389,81.87630458
61.02880887,96.6752423,156.3931665,88.01457865
21.2974967,96.31550455,150.1676659,94.41066128
349.4668616,95.14346893,167.1718403,85.02213435
86.7409771,90.58598647,147.5967791,92.93958893
85.24188105,99.31173079,157.3943426,85.22468204
280.1680002,109.7239657,138.3817116,97.30838331
64.57754704,102.771411,152.8633657,97.80463132
340.403387,89.03664281,152.0899709,104.9758867
201.0180433,98.5653374,164.4101328,89.5383941
83.18279193,106.1935279,156.1069368,90.32069804
819.5963871,120.2610138,142.2316652,109.1247529
971.4539366,127.1117328,136.9272934,82.74369922
104.2076745,90.99317668,150.431987,84.00909352
191.025465,96.02831848,136.3644093,91.26824278
95.68456419,95.31914125,153.8781127,97.0751876
179.3419964,104.6906611,138.347522,84.18972156
169.3125414,101.9366928,153.0327629,77.86811376
137.9542177,102.9804064,152.0800798,100.1420505
172.1924679,88.12008267,147.8406749,91.1824382
120.2799097,96.24841656,159.5120831,86.67537255
135.635429,89.29417098,145.1452158,90.19869577
599.4699082,106.0764533,173.5023472,88.29170163
347.8533896,111.4575129,145.204392,104.5833896
561.4610113,90.5015424,171.7118326,86.01468065
640.0459438,108.1502398,173.9427915,88.40565055
175.1925786,107.768616,155.5602106,99.99043201
174.4819965,109.9859921,144.6220141,95.99485719
1028.3,83.15141588,177.4402364,87.30921785
511.9977702,114.0697435,167.1542113,93.76432403
503.0385168,108.9190515,130.2607584,95.46519394
162.5703445,90.7972119,151.3289418,98.52441472
370.2785455,93.72879305,133.851782,98.88031556
433.4824823,96.83591742,166.7363432,78.11198551
758.303891,117.0182584,163.9167461,73.05869686
350.9122204,88.67307011,162.6458259,97.62967458
166.8211746,97.7109794,146.0210892,101.948848
211.4089571,106.631704,155.3348728,78.07805748
273.6194123,114.3790178,158.3221975,90.79910496
375.9182403,112.0950615,165.1896411,86.78412044
75.38330635,108.7067926,152.3449958,91.97331292
643.5368863,110.6358963,127.1907989,92.81935268
1112.289843,110.8500874,123.4024113,72.7240904
283.6543043,111.2418391,150.9830602,77.56325286
187.9345823,88.50275631,151.8546648,94.98071026
547.557807,78.25167758,144.1059827,84.04141099
534.3494056,89.40916325,169.2263081,82.73404294
434.3523032,90.38853694,136.2245341,78.05547194
379.0042377,111.5643415,158.8134278,103.4440877
146.1755407,92.14387437,158.2210886,86.79492866
418.3803869,87.55873037,137.1078515,79.5025925
132.2159815,93.33895835,150.8394326,81.12271941
484.9410417,104.8804635,128.5955922,87.07761071
265.8910966,102.681211,160.4311891,101.546468
228.3419811,86.17052941,146.1296978,92.59962014
384.4474682,81.04575966,154.2216696,94.5392276
384.593574,89.70605885,140.212818,76.28178334
127.4333386,95.8608874,155.2104288,98.59509985
227.4089931,112.4595214,151.9230653,80.36562837
110.7303585,96.75147906,149.4808982,100.3359924
79.14947908,101.5021902,157.8264543,92.76302033
801.8433178,82.86669778,129.8723903,79.57737359
426.9969037,101.9912903,156.2550862,109.5203018
88.03758538,95.62264422,148.5482409,82.6562632
517.6893231,93.6823473,132.5011066,76.9392432
161.2731976,100.1428734,158.3941074,99.85246131
474.0726154,88.4897877,166.4864831,81.60099397
95.34174297,95.63162192,154.0240166,81.57973026
865.4576797,116.3771361,160.9121266,68.10657857
145.0560533,93.90573144,141.7536171,96.92710601
354.8471736,118.0520737,147.0234095,88.34295779
99.09069141,105.9096041,142.1874012,93.41291933
150.2395859,110.5509028,155.0405915,88.89168953
180.7580174,94.28504903,159.7689153,95.89095749
89.01668623,94.77325284,157.037154,93.14880654
39.66072664,96.99249507,149.0525057,85.60507008
320.8962907,106.4921966,164.1074891,81.33325225
296.4516283,99.80583101,158.6279031,75.90306747
410.6091227,117.7240189,143.5526767,82.66142279
351.8515207,100.2523545,145.2195431,72.15769622
93.8675052,104.2265915,149.3927721,81.22180914
518.9501604,92.78377166,132.4287925,103.0347106
134.394102,106.3996053,152.1486773,99.08647042
226.4435444,88.42657841,140.4929686,89.50942853
56.38035267,105.9928137,153.961857,88.48138817
240.382975,106.1600961,149.7302821,75.66381233
188.9871519,91.52988164,145.2296662,81.0167817
204.8885569,104.2669122,140.4020542,80.20396253
576.1247307,78.15172763,149.1635847,99.2070971
592.852787,113.5752619,132.0769223,99.14784146
328.8497434,112.6138643,162.8955316,86.68559142
276.6870208,94.33418406,164.2506826,96.79330763
653.7148393,84.62725779,129.5541741,89.15782556
359.4517599,103.5404932,165.2514761,100.5812532
464.4681464,119.6414406,145.0803721,84.72895924
185.5504815,92.41646923,146.9136718,101.1960731
356.4109341,102.315988,134.3601999,99.27621185
744.9985046,84.68047564,170.7334679,98.74632528
296.5161814,116.3362659,146.7378116,88.1969613
511.2614833,116.4064059,164.9262889,95.36214365
30.9944584,106.0013597,149.0572858,90.60947524
156.9387689,102.2186816,157.5799125,99.57160299
163.8758129,94.70599964,141.22794,81.47781217
493.9817179,100.8310079,129.8758694,80.9254962
523.1016989,94.65920542,155.7366876,111.9088068
915.3322345,81.69103949,128.3427472,79.35397015
93.12551044,90.70544152,148.2276331,90.22197587
41.49633489,105.4071861,153.7479263,93.74739307
114.0115724,97.95196615,150.4210258,100.5293363
241.6741077,109.7455196,138.1148005,85.77477984
228.8699522,110.435463,158.3264427,97.90248881
324.384876,117.9195842,152.615571,89.4578755
477.2569502,81.45517156,144.6166897,99.64839729
426.9786814,83.02948538,160.8603875,86.31285945
152.3789165,88.21952633,153.7518423,88.73016576
157.5618595,89.63194939,152.603561,97.02338773
268.9281249,83.73142123,150.0405999,89.46228746
715.9787058,92.16782629,175.1572103,91.12939512
84.40099031,102.9933809,142.7951955,94.54047865
754.3634624,107.4341778,132.9451775,69.66220958
298.5268669,97.58615962,141.1702043,104.0927265
46.26488833,102.2330677,151.4844774,96.24522737
219.1347061,90.5535913,139.5890271,93.11328857
30.6737644,98.80917301,148.1830402,92.64460617
18.19637115,95.33605906,151.3000671,91.8506791
284.4140885,105.643769,134.6835085,87.25256803
331.2749488,115.5849994,140.632147,88.48260217
600.9768659,111.6018072,171.8478976,88.15673327
282.3466621,100.5661946,135.9875231,81.22462601
438.5265109,98.48041118,129.0178975,86.93658577
196.0473939,90.95797456,151.8839451,100.1782808
397.6758149,108.5706426,146.4785979,72.61032831
38.29289936,100.3519336,144.3375619,91.35380157
450.6370521,115.6194423,142.3780267,102.1045517
75.6177006,98.26053502,147.2134994,97.6316124
373.9089831,81.27669299,149.5493322,85.83667221
231.1303221,92.97162042,163.980923,91.29723107
349.4747735,82.49151447,153.1741328,83.15120324
596.6243409,79.84638628,141.1629478,100.399497
12.34012718,97.33192934,152.2131782,88.00101606
57.36530538,104.0882705,155.8149355,93.87285409
408.4886156,109.4700618,145.8582443,72.33637972
386.4574035,95.25505213,168.9969429,90.44485623
791.2720393,83.38196044,172.4365203,93.69189391
489.2135734,98.9280155,171.9464552,91.09878845
130.3250355,111.5213932,153.3480134,88.5216726
158.380296,87.49069743,147.8893687,88.73681009
48.89975711,93.08769468,151.0073572,87.51276663
209.5573835,87.10901048,143.875397,87.55748058
63.11383031,104.4443902,150.5585463,96.10338754
448.7308386,96.74699191,168.5371128,99.65972836
318.3249915,87.03968309,162.8911317,90.2860435
155.3386031,97.45112057,141.4581566,81.57352805
808.1778327,111.2844911,166.6045313,110.2002096
45.75724136,92.90435304,151.0239414,91.92820133
162.0776164,111.9104195,154.2711409,87.48161041
429.370334,88.81264957,164.9418285,81.09470243
306.7297163,111.1138394,161.1814032,81.43773412
315.0567665,106.6309506,160.348997,103.1726698
115.7898248,96.95644554,158.9353802,84.92825394
74.34256512,97.05423293,158.2738391,92.14890837
438.9672424,108.357469,166.2791036,100.0962041
347.5986746,110.7578685,159.3443191,101.3116479
472.3197668,121.2279896,152.6178678,87.04855142
121.660677,102.3823188,144.803773,99.38478757
136.3983124,90.07871081,144.194162,88.02618731
517.691032,118.6225381,160.9256529,83.10033405
23.32315987,98.24279498,151.8482316,90.10921217
95.6977564,102.513737,156.0662465,96.77687439
268.0430513,108.339433,137.5420777,96.01834045
264.0709179,86.88031476,148.1932281,99.31642499
73.84582211,100.2196919,145.5699164,98.53374256
262.3023843,103.6074981,140.6594284,101.9404513
546.2925072,106.7251503,172.0960096,92.22952024
25.05792814,100.1000722,146.2150623,90.69720324
164.672594,109.5832693,158.1860742,87.75664148
195.866775,94.36348737,136.7267642,87.65990674
97.99108591,96.71812693,158.8624178,95.15108938
452.3178781,119.4219844,156.6037325,95.32439889
959.6399231,117.5704211,137.3156684,67.80316499
4.809667817,101.8389662,149.3157987,92.47686627
278.7464039,89.18732618,138.5427073,84.26792539
97.86749679,99.82374704,146.3818106,79.91830192
1202.438718,86.36482305,181.5569194,93.95254312
159.6216064,108.9258254,142.1162091,94.34732533
468.08081,102.6930723,129.7632928,96.47958099
127.3339745,92.08260861,146.868648,82.49980038
272.1723735,105.7584234,162.9772462,82.55450323
26.44381692,105.0618903,151.7767981,88.58753076
191.7218109,98.16995919,136.3563866,88.18122764
152.8357124,97.05067945,162.7437545,89.17750674
167.5670737,97.9094388,139.3525245,82.55908489
330.4302623,97.03579563,168.1133616,89.05431483
157.2674978,103.0563031,146.4688884,102.0582258
81.26298522,107.5370943,152.277004,94.77896908
600.9100601,75.97832576,146.8170568,93.12523345
74.26953636,95.82811148,150.0399822,83.00248534
215.3052253,91.86138377,142.6682252,80.15742344
54.04317075,92.6873139,146.9850589,90.67186308
548.4725727,83.99926509,142.4096766,105.1861514
609.7030944,121.2390319,139.8668315,97.92093059
170.7985501,101.5814391,137.0547213,89.23907137
200.5809338,110.9322499,140.8669123,89.61076457
490.4934702,78.17383571,151.027909,88.39221738
719.8736866,88.40275334,126.5544661,96.3723259
20.72607887,99.88183999,145.6915477,88.64656119
120.2161554,100.5030034,160.6035742,91.26240932
432.6545933,82.30317127,145.4790246,80.28707826
295.9529068,115.8626722,149.3069381,83.06706164
456.2240273,96.3278444,164.6904588,75.2260712
417.7719364,93.29302106,155.2136384,71.24161194
478.3750108,82.45426043,136.8884167,92.61486429
275.3399182,99.92765163,133.405785,90.76790241
195.7282946,87.10906951,155.7589543,91.18946172
207.7418728,90.78297902,160.2248947,86.36428161
29.95971427,98.5428374,151.9263102,92.62281603
510.5954071,111.9541185,151.8821138,108.6705207
140.4290105,95.24582687,142.5903367,82.89121069
397.2181235,93.73746696,168.0774929,83.720599
218.0807108,89.06675434,141.9633918,94.74876677
355.3738496,117.7285316,153.0883142,84.76454507
463.5645067,84.53810604,137.563543,98.73832978
52.53341999,95.98836861,154.5201077,85.95522996
291.8858579,84.45813339,155.3578978,84.6004034
225.0788532,103.8190301,135.5284166,92.01663577
111.6967883,109.6196353,149.2757728,96.36383045
796.6998277,80.23716193,169.262794,97.15653236
380.2838092,92.21439315,134.1860819,97.73728862
13.66629919,99.50185122,151.195644,89.96762218
72.75764279,105.3375009,145.3039522,86.32135224
173.7880924,111.0172913,148.784927,82.1560062
450.4493708,95.93480384,170.1020434,84.48195129
78.16915447,98.05397151,155.7634904,96.18903404
450.5204563,120.6680074,154.2685265,92.78860721
173.094707,89.82506326,144.6470602,83.56789827
121.227188,98.85867983,160.7826124,86.77857627
133.894048,92.40052377,141.1075566,91.84777475
576.9999176,78.953224,161.7685056,88.72493848
65.10257096,104.7257919,152.2613057,94.46958621
454.860964,91.06382996,168.9221138,85.30512388
67.15180659,107.1017504,153.8343907,90.50224016
528.9242805,95.59648447,132.2168071,75.91151034
324.3150337,102.1029203,135.8133304,79.02777343
626.1407929,99.16392746,173.6917542,98.43954459
37.46697974,94.64675585,147.9876757,90.60522737
90.73346719,103.5736101,142.8548819,95.21974928
71.38929181,108.3559135,149.3014862,92.22059211
115.3111042,100.8899462,146.6071288,79.62972545
602.4386221,110.927529,129.4131864,97.65037769
522.2144886,113.5442399,164.8603582,78.48159323
634.5813474,103.4744451,126.3024767,81.65032392
350.5683138,111.7385222,161.1773532,99.91566937
122.2736497,95.82943299,159.0399129,91.0587009
617.3942425,119.430776,134.7134434,93.32896987
518.5891122,78.84245665,157.4391575,94.40456632
218.7814797,85.95159424,153.1218749,88.83809636
478.9377062,83.87866571,162.8993402,97.46655293
425.4273576,103.200345,130.5092119,83.9651748
273.0681413,113.084666,141.4464376,95.98965122
419.0865677,98.52782518,131.3586117,81.83004413
103.4281076,100.9330931,151.7066352,99.65303523
505.5541378,95.33902872,139.5563447,70.58127617
419.5788371,106.9856568,131.771144,96.28742744
121.5184248,102.4714263,153.8289993,80.46534849
349.3499317,111.3480751,156.0089298,77.08686818
273.8768744,110.0945321,156.9488223,101.4829029
480.8293617,116.7236788,164.1868403,86.55630142
926.3455607,94.58953441,121.8829523,100.3103899
149.9793324,109.9321942,149.1241139,96.92207985
102.5719141,100.4502018,157.6045402,83.51603766
422.2063685,110.6828964,133.0496653,93.32349446
168.2167989,91.65616152,159.6232196,91.98306817
534.355705,115.5060953,166.816314,85.24167671
183.497518,95.13858415,137.1983325,91.88011854
60.34736085,105.1101493,147.8605017,83.7404636
135.5377962,99.34505301,160.8722275,87.00422045
338.6083518,103.6520748,166.7121079,83.66922109
724.5122924,109.9895488,126.6957629,98.69129704
590.0415925,83.25775619,164.3978313,99.45307465
-0.914377106,101.6420073,152.9183016,89.72185064
89.60097028,95.42397224,153.9994388,83.16199974
99.30438282,92.18281824,147.9418312,84.75375965
655.2591345,79.4360414,136.3112719,82.39411103
181.8712772,104.8941456,137.3418547,92.06214532
175.8492258,105.9882813,139.0971322,95.42169194
115.8051194,95.11057459,148.9399717,81.27067629
29.20429171,96.20896397,152.0618764,87.49425568
93.25034479,105.3280212,149.1788524,98.50849833
478.4983539,109.6136813,140.3059737,72.50331948
242.8996776,88.21194137,147.8925928,100.0569
31.81004026,99.34175363,150.9196157,84.41488099
223.548291,90.12483911,158.67868,96.59583958
151.8520059,99.48330062,160.3974889,96.82357498
136.8348652,92.29455206,153.4181356,97.9493574
263.1056683,88.92221426,147.378586,101.278981
121.7534959,92.12684734,150.526941,97.5945132
219.8499186,109.9334717,157.6842819,97.14224327
259.7202395,89.41867056,156.1011211,99.55130784
134.8318048,95.90261888,146.5616709,99.84107189
727.4432877,121.3031407,141.8832795,104.1253577
233.3922577,86.10879369,143.8096145,86.97342375
68.80016457,100.8317314,157.9329719,87.94750771
240.7848034,88.75867298,157.361052,97.83844882
596.4671115,114.646328,131.0624329,94.98826066
581.4148393,95.95514453,131.0352051,75.99356245
557.0332636,77.62371748,157.2659375,88.82614392
145.8896114,110.0279562,143.3684137,86.35086913
297.4356232,95.91799094,133.3764161,87.78390883
653.6815932,75.85532283,152.9117973,82.1317706
393.4259438,90.84393293,166.9130027,84.19730827
29.74477915,98.36035666,149.625295,96.02952876
197.6696087,94.11496494,137.4675629,87.79158075
210.5649998,99.90138144,153.8315575,103.959849
655.7512792,120.0702795,137.466267,99.95079561
403.8297042,109.1827205,149.5098589,107.9213042
295.9568334,106.4258148,164.5803763,84.60162114
52.96512583,105.0922051,146.8584045,94.57338183
300.8545914,90.89558891,154.1216946,104.1550125
611.466957,96.90477835,174.00935,95.4222635
26.57085581,100.8851292,145.2262064,87.43099033
292.4273636,92.52083612,135.3781361,87.0912792
345.2171143,88.31457033,162.8500347,95.81693712
207.7825276,101.2905072,142.9984424,76.99559113
434.5764691,107.1031779,164.1487349,103.9610678
448.0090404,84.0052098,162.6882795,91.7739686
117.7824457,103.9567528,149.051121,99.66713878
219.3071262,95.29129707,157.909342,101.6567461
326.0757682,117.1828432,155.2389279,90.46761674
16.13823868,104.0603653,149.4846036,90.10173075
396.1705734,84.4938185,152.3999999,78.24148073
311.9235601,96.75257498,166.4806497,84.94165677
32.32811859,100.3787919,148.2325671,84.73093025
132.5780111,103.932892,149.2920089,101.1054738
74.83306129,105.7045989,147.5884129,95.48289925
76.415282,100.2399601,141.402893,90.34665591
197.9968659,91.57009313,153.7344522,100.7488099
824.0170162,109.7901632,172.3404701,104.5403973
384.9755134,116.3983217,143.7366767,81.10670882
229.3544311,91.74491681,141.7404517,80.31990444
24.1519179,101.5126292,154.1111711,87.18611813
80.8685249,103.4705571,142.9837476,93.13454635
392.955558,93.04849541,156.7856255,73.03111613
55.10820008,93.8475797,148.0584528,91.2997777
153.1288619,90.62489595,143.8568591,94.67015704
37.32196259,103.0254524,148.6610205,95.47623557
256.7261387,94.03181316,135.5070039,94.87033251
231.0272512,98.22170929,136.076473,84.37228519
665.3941938,111.2414699,132.4031549,104.8783536
71.02860408,100.6527116,158.1689977,91.2701778
309.8961639,88.72062988,162.2566243,84.66018699
172.8948893,101.7682331,137.366362,93.8429464
940.0860585,69.83172939,145.6409478,87.09048386
287.6436079,97.38232999,164.6248811,82.00540746
301.8426483,99.21764987,166.2816329,84.16233631
270.4539195,85.4877671,145.5966205,83.8359969
428.7976521,112.209213,165.2727965,96.47146284
185.0816393,105.9422125,139.2611064,85.27561421
631.4565314,101.8186256,125.9298694,97.39801248
126.944657,89.24013939,146.8744732,90.53428595
18.70409412,102.1172934,146.4906483,91.01276834
126.3284882,103.4944467,155.7612432,81.28407965
398.4165618,117.4889258,141.394174,95.29840024
218.0549264,109.3545021,159.8145518,85.24102301
461.4479686,96.81689239,141.913432,70.36125712
69.56218302,105.1527168,146.0899268,83.80926627
96.98368752,91.21376937,154.4154686,91.80917585
109.7867406,93.21121926,142.9435664,90.80518828
55.615363,101.9213989,153.8126064,95.80306724
223.5461752,88.04033232,145.1702109,83.12825829
560.6723662,116.6889465,161.8196209,78.5068954
42.69280481,93.67345103,148.3768036,90.41310648
169.1212456,104.1198741,141.7895227,82.04045367
180.705778,112.4193327,153.2695212,95.19347168
602.5825135,110.2019774,172.0952964,92.14190932
210.049978,94.05236195,138.5574745,83.67778939
180.5070481,87.51758966,149.02231,95.43812523
199.270112,93.37645361,160.5231805,95.7404356
292.8641171,114.0568507,145.3528277,81.31055267
156.6670865,106.4190261,156.5573454,81.93691139
24.83742703,100.3379023,149.5896177,95.39036644
96.11771273,91.59819179,145.5631031,87.41226251
55.8741215,93.89334878,149.750253,88.2670136
264.4157061,85.50369707,143.3423885,87.01340467
897.5416592,115.7916975,125.0955779,85.53515696
472.9631574,107.9120661,130.3924876,96.06916554
427.7399992,97.37796361,170.2725704,92.86936206
90.86152376,106.3783188,153.6145928,94.71672678
454.8944175,99.64473529,170.0589812,83.36696742
186.5725142,101.6961662,161.1474429,97.61299114
401.3415802,97.70282391,170.0111254,89.22581918
302.2547054,98.87872309,163.1693528,78.46164867
27.77688146,104.5022075,152.9055753,93.99943812
270.3329135,108.1891772,136.2635414,87.84467389
116.0784406,102.3051695,152.9305367,99.64592196
30.583496,103.4694397,148.5431355,92.13392357
1040.994015,86.68075478,121.5355007,97.28320762
343.138375,91.06110769,165.993346,90.17238325
632.7982947,111.6200701,172.0301219,93.87375252
288.616006,93.28764064,137.5225039,80.7805979
440.7921311,81.1616893,155.2479584,98.76896111
241.5667807,101.6914029,160.9280729,79.0080254
158.6534512,96.68206569,155.457272,100.7479567
211.9589178,113.9984983,150.6419318,88.30558483
124.0032651,107.6368956,150.5979577,97.77083524
919.2858372,96.47670969,179.6019915,95.16686134
65.29262949,96.10615136,156.3448884,84.29806824
779.4865482,124.00972,135.3885266,88.28556294
1168.712118,107.215211,181.8274528,81.31124076
368.6543353,114.3019757,163.2714618,90.71298878
160.6886518,97.84690672,161.9577116,94.36626151
404.0955977,115.5768216,157.1960666,100.0092774
319.4350124,82.00400611,148.9967537,88.13783648
144.2694771,89.85393071,146.8415709,93.84444918
171.1310925,94.49658626,155.6445534,80.15197219
551.0437912,119.3956621,145.2535756,77.73778223
332.6620739,114.5071175,144.2800202,99.12336312
150.3953188,95.23360794,142.9937715,98.50539156
641.2992557,119.9953244,165.6548654,89.58092472
209.4278132,87.76556302,143.0984777,91.71927268
145.8968037,89.88885168,146.598276,83.39934253
515.1160839,83.07061432,163.3310728,97.15002594
212.9076867,94.10146636,162.1475607,84.1670597
249.9098352,113.1288011,147.4726278,81.6426548
151.2198994,91.09238659,143.2734147,84.13815213
204.6739431,109.2518134,153.0494413,100.1653815
142.622014,91.86479982,144.0449585,83.06647464
204.0418104,101.8458992,135.9388314,91.39682278
-0.031393107,100.9502151,150.7781533,91.92881327
116.9459419,109.623113,151.537856,94.47788536
152.5280359,90.62187281,157.8275055,87.00299222
802.5323781,88.71422546,173.5603039,101.4348192
183.3076469,104.5065113,161.1724547,94.20004589
305.1550685,103.3232115,167.2046189,87.56973555
632.3552443,96.45584668,171.4374021,77.49519299
322.3509925,87.84674808,151.3714082,102.921106
282.6934674,100.0372193,166.4777344,93.69947559
625.9897508,99.31326075,127.7857441,101.0379113
30.67173617,94.32154136,147.2862211,89.48090941
353.0409471,105.5128714,158.4302044,73.91297567
183.0828451,93.90503178,155.8395364,100.6592433
343.4820399,91.73006439,141.708461,75.66715778
96.29709255,93.68194469,155.7100579,85.26557208
107.8785868,99.12590855,145.6070087,81.26925555
37.23006322,97.12020399,146.2854169,93.228701
214.3453918,99.60348853,161.6458513,82.10264093
140.9542378,102.2394326,160.9264553,86.12153776
484.5080289,87.14711036,144.547126,107.0345706
173.9009027,92.17596354,140.1392779,85.67423105
183.0068226,86.47656532,147.6540985,86.03300845
280.059489,111.7828747,161.4793003,91.63622788
58.76189445,101.9649299,156.5732252,85.70223695
21.23543959,105.5052004,151.2394534,89.07168326
43.86732663,103.8244242,146.8275686,86.40561533
325.2141726,84.32311821,158.9465123,87.91512288
194.6943629,112.2281585,157.1115121,89.9428054
114.0198398,98.12818732,146.0689349,79.5492574
84.45432791,97.61163038,144.3718717,83.04684225
444.777292,84.75370839,134.4868513,87.86638168
130.4274242,100.6329368,155.5085783,80.8545532
1507.403295,125.3412864,179.5180478,91.78007613
353.0820559,111.3153411,135.0361788,91.92868595
375.3406647,113.4714992,162.4464486,83.27452926
232.391249,107.432988,158.2013263,100.7402915
512.200243,89.31527818,167.9145309,80.89185119
368.4564345,103.1986125,168.4745894,92.55483407
598.0891336,78.23103494,159.954882,96.4968008
121.2678191,90.16321039,150.0198369,84.56516772
373.0597394,102.179312,153.8130383,71.31763536
70.09326387,108.1785668,150.6830809,86.91060904
351.5453898,93.07325334,161.8962666,77.45371003
95.15052384,99.99474631,145.5346526,82.35310328
19.06652908,98.7793894,150.5365951,86.5062618
217.5742078,99.00696553,135.7744566,89.25391535
364.5700726,82.77892038,141.3815119,87.70071052
356.9073599,101.2953238,155.9279969,72.61209796
400.2988765,86.3971482,161.9258034,80.60775152
93.87959038,97.99397132,154.9966515,98.4040249
314.6780137,98.56402054,145.6619691,73.11174436
602.9770056,110.0838758,172.2729818,86.39721374
134.0965419,107.194917,149.631076,98.8271873
531.8682687,122.7360647,152.7255164,92.15632735
330.1096691,92.91788935,165.9584793,95.05863416
296.716188,87.64342678,160.5969434,84.45927423
343.6326036,95.29119646,133.3740147,95.70779251
504.8567212,104.2252699,132.274755,77.28910605
323.0310511,112.5120343,162.7507305,88.35557137
82.87241728,94.58741186,143.1684781,86.16054365
122.0822114,89.71339308,151.8965494,86.60701535
303.9522901,114.3963435,146.2262904,80.55674081
286.6607342,85.56382612,156.0082488,95.62222953
-24.78839762,102.6967031,148.4573228,88.7786066
912.3800419,84.63284872,175.0497353,82.17057241
141.5751055,89.72704316,145.8278476,94.69205982
114.1257847,93.78514703,152.1057285,98.09180651
90.27489788,94.42281288,154.4601929,96.34347148
92.14362495,100.0834913,140.0594571,87.76204142
157.4282371,93.50197168,160.555397,90.09589191
287.1446735,83.08294917,150.3212144,92.60671307
400.5170597,105.6385821,132.0692489,83.64696537
601.259089,103.3465666,126.7847219,82.79017701
116.8997514,101.5339481,139.4781483,93.56496955
194.6297788,113.6616817,148.5296466,87.16169268
54.56591576,99.95284885,143.6759979,91.98641815
902.30182,121.1184557,131.0178924,80.10515233
244.1596062,98.79904152,137.8117116,80.16502464
566.3399366,91.98782734,171.4957862,95.83410735
152.0966811,98.54490041,153.4773216,101.9731071
190.3459775,98.34909644,150.5305938,103.8933827
461.2871542,107.4749842,166.2227276,101.5081445
224.7947052,89.07808699,160.9239853,88.0823155
251.6258626,90.54022675,162.7659838,87.16057357
41.9512435,106.8100998,148.9323758,89.75665226
241.1930152,111.131091,150.4242969,79.52570274
1391.090848,84.69182317,182.7842895,97.98874049
31.37109276,100.2682729,151.0307238,83.42335504
368.6613942,113.4184765,159.1084709,78.64017813
299.4232949,116.3661854,145.2991001,87.33013759
79.28395474,108.7706836,148.3950916,91.10740793
152.0021987,104.8017039,150.3568274,78.0896546
77.54825807,92.88332755,152.9227203,93.77801848
196.3536431,94.64868562,161.9189542,93.4249578
127.5707993,103.2916349,158.937849,85.61057539
201.7767427,109.109904,140.8188481,96.10665235
166.4665269,88.12071928,152.1679822,94.7486844
263.8846701,95.24626884,134.9327227,91.61553905
65.72462138,93.75361462,153.6847065,94.89139444
239.8362738,89.82541594,145.9244933,100.6672512
45.42919178,96.64600674,144.8274154,87.11253491
9.02835521,99.61810368,147.2889055,90.37255864
219.6128436,85.92069595,154.6818628,94.00317405
444.9926215,117.9457335,155.6075096,99.58657202
372.1140657,99.7457918,130.4891358,92.4597016
112.5544263,100.01797,144.2876135,81.39191194
179.9187956,104.9923326,149.5371641,102.5750152
280.1216515,88.10098547,152.2589748,78.29605953
136.869521,94.75927125,140.3314115,88.60902945
418.6634531,89.59079227,165.4941771,82.02804195
109.2693864,102.5233132,158.8614014,94.92224299
88.45424704,97.02238729,144.5701097,97.66873378
458.5183337,86.1537725,163.6426537,98.92669637
55.97470015,105.2674099,147.1449339,88.92581745
162.2642779,95.56431969,157.2216742,98.7911589
254.9970029,103.1592953,163.860868,94.88398765
179.6424325,102.1651169,136.9260715,87.9153168
82.8931611,98.42818563,141.4795976,87.98395122
11.81363724,103.3752228,151.2966915,91.62293961
116.3572819,101.7686445,139.5498241,94.78671942
405.5587799,106.5792462,131.4944661,92.24213229
133.8774759,97.35758227,140.8361904,84.03980328
152.3149849,108.7828785,156.6452979,84.35482183
124.0095667,91.90891109,144.070478,94.00659079
200.1246345,99.98376814,142.7516424,102.4333132
966.5634234,105.5167503,121.1470649,80.25301791
156.7778443,112.447526,151.2909634,92.23874249
400.8902357,99.97019979,166.7446504,79.17528037
168.3897044,90.12137039,149.8267139,97.91864264
306.4248298,112.4260953,139.9581423,82.9286546
206.1574232,111.0850258,145.7087091,98.06746053
86.93612428,98.48491074,142.1363317,85.82128683
352.4720221,107.6998535,167.2268232,88.40453819
770.5978745,96.47265414,122.516036,89.84520036
8.096481596,101.033983,153.0065979,87.09289991
86.73870737,99.28647937,141.4341823,86.79989938
368.594425,90.77652365,142.9054772,74.3174084
261.2977451,92.4252012,146.2398734,77.00179215
251.37626,98.84300232,134.4312949,86.3999803
136.1976463,97.18960243,150.2568424,79.15232971
884.8409345,99.98452571,120.2510493,92.512158
380.961474,97.5921848,138.7315905,106.0274124
262.3967398,89.10582057,160.5036115,95.01486961
356.0264646,112.5128065,164.3062491,90.61478958
313.0006046,107.4660517,162.4939002,81.01831792
182.8549975,106.6116185,145.1331906,79.36674964
171.9592937,102.8799016,161.0283068,93.4750471
67.09398557,94.99398028,153.6132387,83.56482377
593.2519163,77.50590973,150.6009632,80.07488395
106.7325896,97.26374517,151.4905587,100.3177633
530.68048,93.2727179,128.3547879,93.38037505
309.3674014,113.3714845,148.8680148,101.8029115
121.8879088,96.26826756,160.1736431,91.17442455
233.6589476,101.4508653,137.1436778,82.06943646
230.4633905,86.37902721,147.6112754,96.23789394
39.96134643,96.24290614,148.2816448,84.11295446
459.14572,119.5609288,142.4966426,94.11634395
144.1185585,94.08217407,141.8913622,82.80424453
562.2014744,85.67654818,166.2412697,80.55499726
59.1582475,97.31039713,157.1377262,90.24713243
127.4745023,99.12155876,158.7322093,82.3445124
304.1384696,103.0561395,164.4641411,99.06600259
32.53380786,101.8384406,153.1735996,86.16416034
39.21006229,98.76106429,154.046581,86.97878442
453.076703,95.04493179,170.6967457,92.8548447
29.00271652,103.2723291,154.5784777,90.49039462
376.3610698,108.1425909,157.2380028,74.1592057
111.3634919,109.3925898,154.9385267,92.87301214
196.9325082,104.9800477,136.4266589,89.31815986
594.6892411,115.4465162,148.2905391,71.44490314
73.95850424,105.9322704,155.2693209,94.11959878
27.45659951,98.2335189,148.9119447,91.77563164
458.2050737,87.32949826,142.6308769,105.3571623
60.98584446,94.20682406,154.9986732,90.01139208
191.5901794,111.2739534,155.8057867,95.39172605
137.1947511,94.69129634,156.1736742,81.62666618
241.6435686,96.92310539,134.2984704,89.91865451
203.2765017,111.8671478,146.6969964,82.90101527
102.7786338,108.2465392,156.5364163,89.87190446
37.4245137,100.7130362,153.8692728,85.4109406
297.3011058,110.7521549,143.9131344,77.86105679
25.33539948,104.1181752,154.2638694,86.58237742
243.8614452,112.4479059,157.8785778,95.41068893
72.40832833,104.8309929,144.5597992,86.08074302
523.7460959,80.25191558,160.9328959,86.61221052
57.5169106,102.2800441,142.0093827,90.85580704
272.4255465,98.65743624,165.6072648,94.7290723
572.4453903,88.39125916,162.25727,107.1853209
357.2775575,88.41980984,155.5636769,76.39074027
225.0828693,102.7562875,138.5545472,99.17262652
200.8619383,100.201537,136.4403704,94.97721115
29.94523374,96.30329832,155.4415134,87.65194636
267.7911197,98.67666337,150.7348191,106.4689653
90.41290259,105.2660532,143.2259644,86.16707456
374.3295576,101.3416708,142.7131284,107.5728989
332.9388206,110.488988,153.0804532,75.43235194
203.4798067,94.78868939,137.2166224,94.55040273
149.6022849,105.0688206,160.9528012,90.49220913
157.7538355,88.04042201,154.305437,91.31001739
176.9550367,89.81246903,144.1570399,83.16678995
163.0955764,95.30570623,159.809466,82.93980576
24.40165044,96.78819876,148.4866679,89.95104674
45.07253464,97.7966578,146.1275254,84.75670692
110.7915012,102.2237832,141.2519784,94.43511637
134.5313368,106.8909254,150.1525481,81.18786602
201.9780912,114.0965925,147.4467775,91.35645204
79.26769489,106.0762006,148.5937736,82.84032281
10.51739271,98.86914532,151.795462,84.6706901
0.034007823,100.4772203,150.2873393,88.14224855
47.30605317,105.6918229,148.0160796,91.91003441
19.62571151,98.16282249,149.414701,94.08498999
122.4232,108.6863428,142.4496627,90.86542203
138.4374744,90.08225825,150.5838764,94.43594912
643.2462106,77.01038765,160.5402016,89.57886398
113.234119,102.4333148,140.0174827,89.14299576
32.50646998,104.8371685,153.0977346,91.11743153
96.06999674,101.5793911,159.2836092,89.88907603
349.9076684,107.2941848,165.4229127,98.83109241
633.4534422,81.72980491,143.9453924,74.18533886
869.9039706,71.55644418,154.6892406,95.50385461
156.1964415,101.1868335,155.8100683,100.0826813
39.28897088,95.40454449,149.9884445,86.01404361
159.3946026,110.2655476,155.3386348,87.5818209
303.9842568,113.4603028,153.2889427,100.2347423
675.8276712,90.74283597,126.1558137,88.24188339
44.09275787,99.73191446,151.4554179,95.98367106
248.3004076,95.8214306,149.9175029,74.70593149
306.5444907,106.0083192,135.1194771,83.51595949
107.565175,109.7179711,147.5840627,87.78131299
107.867472,109.6673124,148.614174,86.79103794
27.46234621,103.1669016,146.8135466,87.42088224
488.8330342,101.4065068,167.8917754,102.7423863
145.7235609,100.8029284,161.161409,89.28110457
184.0588647,91.51771303,149.4561496,79.73032785
304.5967754,99.3399325,139.8086809,76.11006609
13.433747,96.78671823,147.0397816,91.92812875
261.6619379,95.85982796,148.7901596,105.0955991
22.82769461,103.2266009,147.7977095,86.60880205
242.6960716,101.5316839,135.851142,84.38364382
308.4362431,107.3703947,165.9442578,88.60570366
312.3566721,103.7623763,141.0713214,74.97774458
60.17549011,102.3822845,142.4797085,92.6748789
330.6898295,87.54383697,149.6538216,103.6349188
109.1501833,109.2488083,147.3046095,92.11000456
140.9529213,93.67496166,140.5128669,91.50056798
120.3442476,98.65656289,150.5910792,79.94283336
435.6438919,105.8301151,130.260707,85.81662622
135.3918248,97.58158065,148.5188768,78.38047713
97.04499077,91.19686427,147.5476424,92.82456391
116.4334181,100.389001,158.5577368,96.31759609
336.2391819,105.233735,149.9427463,71.89327282
440.2773348,96.43927781,169.0047056,99.3362643
57.0096066,102.0183247,156.4814562,87.46394691
105.020822,109.3262872,150.3498256,95.04180668
413.7054834,103.289493,130.4123862,86.53688605
255.8352872,116.077776,147.804039,87.69883677
360.5369339,99.43316664,131.1631442,93.56859507
61.35633685,95.67769955,151.7968628,96.69302512
378.2151996,84.70381106,139.0084733,93.47609845
335.3526483,89.30255208,140.2677269,101.2874125
533.561416,117.487245,135.276194,89.55488549
492.036586,113.4120123,163.1633645,77.80099163
268.1791994,113.2766626,141.8562879,95.08723279
258.4057953,89.96666076,141.9304467,99.336537
461.0991383,106.6228514,170.6039215,86.80682273
309.3918107,114.824033,142.1410216,95.14694113
461.0285998,120.9526812,151.8642284,84.93273957
188.6519594,102.5647711,155.865318,78.08240867
527.0113175,77.18644943,149.8377633,90.34745172
16.2981667,101.1251825,150.3163369,87.47171035
616.7223028,95.9185825,172.8562027,82.02861947
318.3569253,84.03796971,149.5258427,97.85686894
649.531097,82.08542886,137.8362657,77.29924361
448.9045214,83.80778938,159.982009,99.39044609
395.8596136,97.17770601,147.491067,109.3078168
221.9413635,113.4558604,153.5249987,95.72913408
245.4266116,110.6970194,160.3137944,84.14024981
303.3880636,104.8831831,136.1303582,80.61753607
90.53912272,107.2650021,150.6623498,96.105072
97.88613033,103.0599347,158.9967907,89.96186977
139.3236755,95.243992,157.1783353,98.43934432
948.6247753,86.80584028,122.8222356,83.09631568
217.4102426,85.64280263,149.1481002,87.3588762
36.47701855,96.85471556,148.7451451,86.132198
59.97791106,96.74734282,157.7986996,91.74962053
268.7121414,114.4805167,153.9068484,96.06763167
116.0061766,108.7470854,156.313675,88.13707005
559.5231729,108.2137183,171.6810534,83.54021676
300.9417032,85.59107632,153.2770629,80.88925027
133.0212897,91.27414533,156.7670163,94.4194246
77.19950425,99.19201058,156.2843579,85.14070444
153.664651,91.2657551,145.1050381,97.44998524
302.8575805,108.5123936,164.2920648,84.92589501
33.22584131,101.7457119,147.7822941,86.55445183
224.868101,90.27974245,158.3481662,96.81446666
875.9112756,82.6731888,173.0006361,84.00277218
460.1745757,110.6488093,166.4136037,80.75302596
295.7076768,105.8490898,134.8823311,84.64697988
325.8294554,106.9260737,133.3059207,90.58013985
282.8300915,105.6058129,144.3185303,75.13328209
34.67524839,99.19321965,154.78164,87.93817445
14.9684388,101.2145716,153.3911286,94.45859811
29.46763146,101.8882479,146.6245483,85.44369733
420.8550595,88.51262939,163.5600902,100.781433
284.4319081,106.4335636,146.1203919,75.54340576
413.8789235,87.20365638,164.7698679,85.8817759
265.7324661,90.95572195,163.6431135,91.78213805
112.0102144,103.2115337,152.3542131,79.34586518
159.4504126,88.57741467,144.988905,92.64861496
221.8053407,98.25104579,147.1263189,104.4968741
367.8608978,99.40060628,130.8504303,87.69643451
416.2356343,106.1973776,138.2813471,105.812398
175.8858404,112.0119499,149.5869601,83.9019349
30.68735211,103.2155968,152.4578089,93.6022908
24.90802805,98.44285735,151.487918,85.27469026
109.268992,99.49249194,139.5431622,89.15145905
232.8966942,90.96921006,144.1696334,79.57906915
136.2309051,100.1076537,145.9637918,100.6680561
692.0236441,125.5176205,145.0464371,89.89987699
193.3648519,102.4237433,137.086068,95.61362821
38.32619448,98.6536533,147.0259265,93.93999061
413.4057769,85.20753899,143.8828503,103.400657
227.5451946,91.93724244,156.161563,100.0267351
533.0247995,83.27936813,165.344985,85.72896607
114.0286553,89.23340612,145.3242263,89.49902347
227.6348106,107.717532,157.6840297,100.0493469
426.1000442,82.82846933,148.8066505,101.6377394
700.2128502,96.16310796,123.8928359,91.79900915
354.5270835,82.83197237,157.3032586,90.8809757
129.4862916,101.616923,160.6700313,87.58609065
422.3793513,88.05176667,148.043396,106.1708217
266.9797236,98.36916137,163.7268749,81.01012238
35.34203345,104.191582,153.9605178,91.03719038
308.1464883,84.43715388,153.5664581,97.61059216
46.98424967,94.03457693,147.4895448,92.58187719
197.2066295,108.281818,138.3089751,89.1434051
167.46072,103.9618212,143.5348184,79.63951145
265.8471082,103.1375535,134.4172385,95.37895687
159.6345647,99.85168621,146.7867798,102.7836953
117.9084008,92.86560261,152.3317846,82.24572938
243.5833732,111.693793,140.5832225,95.07017964
85.9766092,109.1398252,153.8257361,89.10610725
116.6686132,109.3676392,145.6408846,86.00341309
456.9548148,79.00556759,153.2721202,89.22721302
63.72222763,92.83712772,146.7640191,90.6720577
283.2596613,112.0670526,159.0420781,97.80386077
80.3910715,93.05406271,152.9686026,95.61746151
58.79546519,104.3580364,151.250417,84.69717223
16.82335725,97.27557558,153.0605825,90.56857108
322.0399106,109.8661644,161.2989179,79.75534547
256.2265028,84.60952395,154.0900062,86.7926105
163.943225,95.20004809,156.6460345,99.89025013
91.55183119,91.60631726,149.6719449,88.58453078
131.6234514,94.15814333,156.5264854,82.32353524
119.3736207,100.3254501,157.6260816,82.03229886
129.4537119,91.00303183,150.548191,96.37176413
10.73444644,97.35760334,149.2397552,90.14188039
276.5222166,94.34458144,134.8924627,92.65946516
296.7406882,114.4082897,144.9698663,82.09796403
194.9742145,104.319912,160.4358681,81.34416128
230.4840766,90.8763487,139.3535493,95.00243341
47.83077167,102.6946951,144.5079755,89.56675405
167.696788,90.52676705,148.9025631,81.04230242
70.90518055,96.07845383,147.174889,82.19143613
386.4241418,84.16210015,138.1800388,88.92625782
87.87553893,104.2548046,146.4044029,97.43360494
501.2165879,107.3633761,138.5428576,72.0303013
66.26837628,103.812926,150.5327583,84.21101097
132.6157128,105.4407017,147.4174633,99.57369505
2030.601208,124.5700684,187.4680327,95.73912881
166.1344637,107.8760074,142.0434882,93.19740584
649.478205,114.1887539,169.1886322,99.38175867
183.6873091,106.4267893,142.5654766,99.53200013
167.4585549,102.5170199,140.2066186,82.0731696
99.01290973,99.29695425,139.716031,92.62428069
124.9793543,93.0706539,144.2614088,96.78274073
39.30149117,95.88409882,148.6466619,84.49016884
113.0682966,94.55188879,146.9769122,97.61123347
297.9837653,115.8488617,157.7279495,87.86557883
86.45068414,93.27449823,156.1739552,89.09491355
130.8960882,97.77086925,147.7974857,100.4842799
125.305004,91.29443158,146.9526017,83.09158332
242.7308531,108.1905898,161.3137406,82.7008802
5.40329182,101.5366179,150.6678686,88.66210476
6.371726586,100.1547769,151.2251186,86.69407868
90.22677554,98.06955826,154.7601416,97.33131112
47.1951516,95.35163441,155.6322964,89.79092364
149.8161406,110.0557506,154.3407045,96.22704786
104.7989802,95.54809986,142.0235908,92.82974458
314.1106799,93.02054969,134.8219456,96.61815784
378.8204769,82.81937414,157.7999507,94.83001024
425.6154336,87.71778052,135.1486913,83.22813985
401.2252998,105.8375971,131.0267356,93.4030994
352.6822747,117.7583996,143.2499228,90.39205835
252.2440358,104.3379726,160.5055403,101.6864235
388.1545205,99.33412679,161.5281815,73.85594752
102.669113,93.01651092,151.3783482,98.24329761
334.1825281,104.1922062,135.0604616,98.86684278
443.8260243,114.9194946,142.5123373,102.4720142
741.275523,119.4267379,132.3047062,84.47083642
61.52034876,98.45303606,147.0204073,83.57175943
204.1450057,102.0253903,163.7729543,89.00858422
291.0966858,91.47006431,147.2483665,75.80052066
387.6411439,112.667259,165.4965629,89.97163675
139.8621754,89.61375586,154.4808652,89.81112731
163.7084849,106.4773836,160.6829582,88.79266588
115.7269711,99.32096574,155.4221002,81.41612946
250.1044441,116.0575778,151.6016675,90.03301995
124.9401318,101.999738,147.8280185,100.6073294
118.119775,89.61623109,148.6715965,87.41341755
92.65012929,92.92176704,144.4598163,89.47765252
43.03158639,99.17432027,144.1435951,90.38958705
189.9542894,90.15846031,154.7867456,97.63301385
227.4357805,106.8765412,137.4373437,93.21858799
85.7050833,105.82366,155.8170576,86.90870289
383.6753595,106.9619256,136.2199883,79.02305826
160.0336107,103.7844116,160.8029584,94.68900349
404.5445693,108.3581551,132.0657162,94.03849962
2238.732544,138.598868,176.7266004,94.65001609
277.8954434,85.85746458,141.0332237,87.76667834
568.1141716,123.461016,146.4170164,88.42022043
58.00948432,101.4375008,152.9781577,83.91358945
249.3954292,109.5450998,152.7512703,78.28941893
52.14141209,99.10360954,153.6767724,95.42694928
59.90537885,103.8904533,149.9177042,97.11320227
180.366967,102.2542205,137.2410859,85.36248379
54.26462602,106.2863813,150.5796831,84.9704946
42.54170794,94.3250463,153.2677561,88.88895934
175.485043,94.18547219,162.0415619,86.33493854
86.92773476,99.40529822,149.300072,98.70207849
178.3818726,95.77454033,159.7313865,82.18594736
1419.372875,80.72969628,178.8270769,105.0015656
222.4589865,101.6879435,145.9692819,104.2358029
185.7512982,90.57327941,141.4034099,92.4120318
183.6855274,112.2811714,146.1075849,92.35879601
431.9549478,93.84480129,142.77116,108.362851
180.8397592,96.78002618,147.8474414,103.0962365
718.5636434,78.78524118,158.0209834,103.9218988
84.80750475,108.5863971,148.8384127,85.90202685
100.5972355,101.3515606,151.1275741,100.2204967
215.5693015,99.90593489,150.0762325,104.4904703
121.7325491,93.23232405,143.3015518,96.30244794
124.1287269,99.22919699,141.0420322,97.64509679
241.7148243,89.9450341,147.8837321,102.4112777
469.6358461,82.53261791,138.0276758,87.16133597
135.8778899,89.70743207,155.1905638,92.43556241
150.4074333,94.67936311,142.5921299,97.88104718
349.4353302,103.265426,133.3944335,98.26947437
298.9130738,95.14812576,133.7308055,87.64820201
9.108259225,97.86954081,147.2848593,91.82200989
241.017782,103.6260136,137.1965121,98.26315567
176.6109565,94.3378561,146.5825781,78.12776308
239.1786785,91.99813433,159.4293456,80.14437829
7.000085638,103.5651794,149.7204055,92.81051382
148.3003402,104.6795285,151.5006793,79.27454612
174.7073859,87.11884547,148.5993506,86.88823149
328.3256598,114.9173827,158.6979329,96.4115319
462.7655696,111.310463,136.6225388,77.10242808
600.0083903,115.4732809,141.4840738,73.21355744
808.2836414,112.3888793,126.2044987,79.5870506
234.7714637,93.52120288,138.6129765,98.24949327
129.2385775,96.08095861,159.4109073,84.91298614
208.0076667,91.7005183,143.9095558,99.85858065
186.7603791,106.7892795,145.9513029,79.10092654
682.3313743,114.0284626,169.056686,100.7864958
224.3533665,87.7588998,156.0051048,97.16183382
144.0384219,98.50724267,153.2386236,78.75987189
262.5903071,85.49117643,155.3276781,90.10010422
254.1967684,114.0461143,152.0628532,97.26173193
179.5716943,96.13354123,151.3838279,102.0703486
290.5449099,105.2795834,165.9157237,91.95038666
101.4694632,99.44639798,154.8100011,98.56208024
499.9869898,111.5368892,130.967878,86.24932123
1211.487713,113.424936,118.379556,91.80045582
353.5005333,111.1267945,136.7748029,82.39359058
898.6887674,89.6391046,178.082805,90.68993277
415.0327946,94.18086494,138.8747598,74.09279431
896.4416087,89.06128277,122.4730385,87.75742334
59.09855993,101.3947326,142.7130953,89.60808211
162.8438439,106.6439461,140.2240619,93.60486647
210.5694103,111.3786593,145.7419269,97.68126319
301.7480842,96.96015232,133.895584,96.49110431
122.0995774,109.4418897,150.3189393,95.4877447
117.959023,103.5998741,152.5763692,99.25362884
262.9263678,97.46329126,136.2006678,98.51136088
205.5245716,106.0454497,158.8941741,79.85172836
185.6453599,100.5048945,160.9307511,81.01060732
42.6265535,100.5931059,157.4153956,89.65521595
642.8613923,106.6208167,174.4541488,90.46670646
139.2365103,105.4529671,160.7332701,92.34889467
117.6079586,92.89587646,150.4294504,81.1715591
19.80310535,96.8885735,153.1548208,89.69239867
813.9468365,106.7178224,123.5757513,98.15162531
192.176222,96.77226893,138.7691344,82.69722481
266.616503,102.1277397,134.0107057,89.02051877
611.2202013,116.4282821,168.4620966,86.95918703
577.3528605,83.67818053,134.5310938,98.00547966
458.1435381,101.334962,132.0686279,101.6090166
69.0091791,93.27049201,153.095868,86.75370363
1330.453717,69.39601638,169.4313669,94.83933025
351.7962795,96.23905124,165.6597682,80.90086192
52.42035753,96.95154772,156.4271125,92.81924192
756.6889414,104.3555681,177.0083982,91.878244
339.7167794,92.41549014,136.7253503,101.1440128
160.3426591,111.5048528,150.8538875,93.71592539
822.7631884,80.83924884,170.279607,96.59845105
433.9457852,92.17020986,161.3280757,105.7448679
354.3846241,110.9004982,134.4723524,93.15210187
97.84703336,106.3729813,156.9339615,87.575146
809.3693913,122.8676419,165.615641,95.80491702
316.8401153,115.8677427,143.6938303,87.99673995
47.63678364,95.09106188,146.6119408,87.06351369
250.5814126,101.5961942,135.0891673,84.85236095
602.6338937,96.34531624,173.3427115,82.46312441
427.2482948,100.512666,171.0355207,91.82872476
3.952444714,102.5668493,152.2172535,91.21671514
325.5842782,93.40177032,133.8282013,93.9431709
74.82454025,98.58364938,155.9746404,94.14904094
122.4213071,89.67194856,148.793999,91.86568114
176.6611343,93.79059547,154.5000809,79.59124352
314.6718384,95.99365656,135.146678,97.56632572
57.03431857,98.67540847,151.6178575,95.86971262
253.1488099,109.062826,139.7655888,98.44758395
342.161974,117.986428,149.660572,85.57560569
211.7022277,97.00590948,135.4126066,89.93825704
905.9948345,77.47222838,155.9154475,109.0327445
638.0887423,116.1512754,136.7510005,75.4994363
133.4921723,111.6877735,150.9130212,87.25164916
593.0055577,86.58217112,143.9388338,69.96474076
80.79910787,96.51979986,156.8613973,88.09062504
375.0423492,112.4205224,165.0831251,88.6548481
100.7340924,97.60758553,158.0386915,94.63065174
282.6191477,111.1488837,149.9637822,101.8788765
97.61212542,101.0496432,159.3506059,87.24611074
431.647222,112.8956422,139.5992116,78.19376674
393.3373731,94.10929614,162.6488528,103.9801426
93.2228233,103.6854612,151.8958455,81.92220901
348.1953733,108.6694206,133.479798,88.03570539
247.9116501,86.64119827,151.1718069,97.92028102
204.4331117,113.2913486,150.4015724,83.75585423
172.433029,90.46659424,142.9949836,93.54845684
432.1201847,80.7264075,142.4888733,93.54487474
98.32468709,99.85697156,139.7261277,90.0156696
199.8758479,101.8632656,143.1296676,77.42136491
35.20277302,96.27240483,145.4261592,89.59935656
157.0002769,97.5524832,144.4488318,79.33547383
110.7908553,97.401816,156.4082115,82.23413725
245.6442365,111.0538787,151.8876862,101.2525001
369.6655572,118.6317109,153.8319632,91.07284144
129.4963335,90.83780622,154.9487266,94.13241216
539.5007976,104.2045864,172.650984,87.41432355
423.6525843,116.7264068,141.1151281,98.51931946
323.0636623,93.98577182,139.3531923,76.63245382
126.8554881,89.72027746,149.7000357,85.75890319
292.5666966,94.55954286,166.2471851,88.77152717
168.3658181,112.1092693,148.1142288,87.51123793
82.1274319,104.2677471,151.3516912,82.4224958
220.6460938,112.4979654,155.7659053,95.13552796
372.438141,97.72009995,135.0992601,77.73665041
461.7523474,119.9910741,147.1562065,83.7666456
472.1249238,112.4194376,138.6679649,75.90267314
45.12300313,103.4429932,155.0410103,92.69570687
412.5821379,105.292974,167.7520515,81.82690168
273.9072658,89.9396147,160.4653152,96.9027199
274.772808,99.23731749,166.0282064,93.5651666
409.6373797,108.5808661,167.0095099,96.56399958
99.32068689,91.52439287,150.5942161,93.29500908
318.4023109,96.20612437,167.1902318,88.4900382
373.0786427,110.9947805,133.9337519,91.66380695
161.8961124,88.35909435,151.156056,95.288424
636.0193309,105.579582,163.1294801,111.1026558
533.5340886,101.1653827,131.2632947,103.69007
376.8035017,94.75375081,159.7761732,73.84275063
222.5821584,105.8758349,162.7510062,96.2142656
177.8757818,86.82020398,151.3408448,86.60693559
288.2332114,103.9934779,133.9976632,91.49465905
184.072621,91.91173127,154.7852982,99.58189141
246.5281825,105.0814614,138.7671436,99.76778668
495.3655953,85.55133342,135.3196604,80.93583137
785.8747286,85.95540269,155.4603263,113.5434856
311.37824,85.57367461,143.913317,80.37097018
186.728338,98.35144727,139.6938062,81.75699643
168.0234048,99.02261365,145.8112194,102.4827919
255.0370965,101.2570871,158.6229563,103.8284881
419.9740955,115.0536517,138.1090875,81.9983926
270.9797915,95.80509944,165.9761262,92.12274873
563.5774222,103.6210785,127.1125929,84.36951214
433.4575584,81.23952744,147.7924131,81.49845919
110.7231443,94.45133121,151.6760373,98.29036899
405.7326248,93.75624838,166.3513871,99.7762147
63.4334383,106.0510235,152.1298615,83.97726519
253.9605383,92.54669511,163.1512462,92.34652767
23.6058877,101.8001698,145.904717,90.69107975
3.564077843,97.59060297,147.1935013,89.8097884
487.0301893,92.15395493,136.4292798,105.6430629
628.6200541,75.97759705,142.8978517,90.89915851
243.2131885,106.0881792,162.2337701,97.43151614
54.58496914,92.93776421,153.2378581,90.78147614
273.0296912,95.94320207,165.9675238,89.59150906
118.3739213,100.2486592,161.0457828,87.93990964
253.9243678,112.077727,145.5016479,99.12698923
259.3131718,113.4169709,142.5785445,85.07884477
292.9737835,114.9968035,156.878232,93.64242161
60.40485991,102.3076998,157.6637026,92.58120038
114.385971,107.8626179,144.6948116,85.54922607
214.2059338,87.66627129,159.2368072,90.71065936
300.8189278,98.82118652,145.1897377,73.62955626
133.8137598,101.0816452,158.0091466,98.583539
82.3395199,101.0545458,144.4922413,83.02067299
454.4512807,81.28948585,146.4820089,98.9731445
222.1956428,87.18296681,157.9122391,89.19139743
220.5703679,107.6554674,143.1722573,100.896484
147.688531,107.2179473,152.5858508,80.34876688
169.5248165,104.3075201,137.1891232,89.79152938
198.3137519,94.51920691,160.0609928,81.22866521
43.59315827,102.2895368,149.3882758,82.96218186
18.26738677,100.0512906,144.1798885,91.8233634
50.98042269,104.9329768,145.3316894,87.33923729
245.2438194,113.5596674,151.3265627,82.59409256
288.9583523,86.15940564,143.0750199,84.45682958
75.43274846,108.584888,148.7510561,90.16730046
450.0919777,97.53508351,166.9709504,77.35436528
400.2198411,80.63900618,151.2274626,88.21518986
596.1577137,94.26094577,126.6174849,93.64853578
133.1983186,98.98494128,160.1068855,93.63522934
263.7674884,94.23613376,159.2207213,78.15633161
142.7405764,100.7790765,159.5076228,82.85802934
231.1862368,92.82891829,149.2812197,76.39510452
883.0145813,106.8630031,126.0030071,106.7393566
134.6420788,89.52993982,156.5478213,89.81181725
291.5748361,105.8491993,163.1271436,80.43790112
20.96791594,101.2683876,146.8914004,88.7001644
80.78840781,92.75104785,150.6544758,85.0002095
669.9259861,124.2858179,150.3051079,98.66916256
127.7343923,98.80301657,148.9907742,78.31651288
86.95701764,92.63811436,150.0564152,96.04845913
54.8437056,98.43013985,145.5013119,96.60586927
672.1931235,113.8245176,171.0705951,85.88215358
57.93747874,93.75320195,154.0738542,91.86726178
716.177257,115.3062414,171.2651861,85.36583133
349.5837883,90.06863123,160.697097,101.9186559
95.24627885,95.41969861,150.2147751,98.00482002
87.20530664,101.7643008,142.0774922,94.47606398
161.8288252,109.8908634,141.6407672,91.1668828
468.2865194,99.70662702,136.1939182,73.29824412
260.6279905,98.59760831,134.3032445,88.5857306
378.8759954,81.69726703,152.9276919,85.34343463
1300.680916,86.50723354,116.225017,90.53697961
197.6811786,88.99005415,148.0534488,81.66652513
135.1118778,94.8941641,158.4763841,95.99283848
395.9977781,108.3993369,149.769456,71.58863745
261.4420446,102.247395,134.4205544,86.71542763
278.6805824,110.9443821,137.5836207,87.96538325
781.0733521,107.9965645,123.3205444,92.84835289
15.46907672,104.0170536,151.230096,87.68522807
218.8347816,89.50731414,152.2034595,79.53167882
108.1949693,103.1848632,144.366416,81.94028248
151.8179218,105.3455027,139.9404789,94.74652769
272.1948032,111.3804917,141.7320531,97.98144575
31.31083657,103.1730043,147.4084357,94.4312683
656.3936231,104.999332,165.2884639,69.69102753
491.3428059,105.2514624,131.161185,100.4081087
554.88296,89.63089855,160.9170001,108.1379257
151.0561982,88.5270108,149.5340255,85.65298616
1519.258606,138.0897476,156.357969,84.22385594
28.89557871,101.1173726,150.6299707,91.07416509
199.3712065,95.11897653,139.3127895,98.29987164
133.9902972,98.99777543,143.0293102,80.83023406
66.51662997,93.35807691,154.2508462,90.31609439
96.40711156,102.5440678,154.7854174,97.94484986
151.185379,101.5729104,160.6433048,83.86941865
400.2264244,103.7261352,169.944514,89.62471914
976.7733222,94.52255968,180.6042929,86.19548473
69.42302412,97.3581937,141.7318857,88.61403454
536.8840165,101.3992839,168.9051433,76.09862922
309.626115,93.29289638,165.1967662,83.71350544
346.3830314,82.29432519,144.3386775,94.88552042
622.0944472,79.67235573,135.8432139,92.37547442
279.0621689,113.1665287,154.0964139,80.31219753
67.75492033,100.6022846,145.886172,98.05967512
68.08054776,101.8838381,144.9921568,96.35066952
179.4721233,107.7863138,155.3590624,80.36303026
205.5322029,107.0394512,138.1139433,94.07955061
92.1569467,108.6022289,148.2486692,93.96125299
73.03432834,97.38394854,143.7057221,85.16594189
710.2483835,120.939556,132.9391296,91.81126869
280.7264147,93.93018453,136.0731733,82.83893949
183.1844706,111.1982419,157.8490946,93.55508279
84.37987375,106.0062539,157.9584455,90.76224804
154.7605953,107.3454754,156.054623,98.15977414
231.4803223,115.289908,152.6571877,86.75498963
571.2936853,95.65022558,129.200984,78.98338621
192.4213448,89.07653728,155.5322548,95.3932162
352.5361372,86.02197273,137.5814104,90.47892328
253.9127884,111.3409439,141.6854964,82.53195465
260.5024411,106.8201346,156.3681308,76.3063374
262.6391068,89.2734739,144.4622246,79.13495347
248.7133917,111.6699459,159.4555911,84.73444886
235.2013512,105.5229965,151.6968761,104.126281
83.49069233,98.10330656,157.1393575,94.66231307
151.9102735,105.9030489,145.6738046,99.8220334
85.71751455,103.9248379,141.7900455,87.27782168
56.83463831,96.29803041,156.548113,90.93409468
189.2333259,103.8097469,136.765109,88.36256544
812.4285041,109.8678998,176.7293386,87.25390596
138.820009,96.94790626,150.5517017,101.6715347
563.7878697,109.9986728,165.6214438,104.6411226
301.061379,114.397397,143.2423624,83.8283816
169.6925141,88.15344953,155.6020823,87.37861917
395.2182019,83.17352709,141.662147,83.14169663
176.0396429,108.6225863,151.0309383,80.68839968
52.2965694,100.2447804,155.8660232,92.67909235
1151.069221,105.6793271,118.313914,78.93041569
134.2811349,91.31065411,144.6790838,87.0393128
210.2161636,88.14327231,157.0873282,88.75861764
414.6304242,94.719418,131.3283993,83.20556187
328.4946922,89.3541001,164.8499303,89.63502914
135.8251513,109.266519,153.8812554,83.53486519
545.7489945,91.42054437,142.4559238,110.4271608
90.32099064,100.5772409,141.6631199,95.21691493
16.33145974,97.19724514,149.1337845,92.75323163
184.6691303,113.7465987,151.0211434,88.77164753
326.6686104,88.43453212,141.4693898,79.11510132
405.8853277,92.60017934,166.682184,96.40887633
1209.308372,114.2562613,179.8789178,79.24413755
111.710333,96.79433881,141.6234359,85.73958944
92.89130721,104.487451,143.9571339,83.20675905
385.2710783,90.56384051,141.2257127,75.2140813
300.6995375,109.4186428,152.2605895,75.8764411
219.3317301,93.85154031,145.4984366,77.32671685
503.4033349,102.7600728,172.246389,89.04899099
24.44120837,97.37891492,145.7321087,87.02494706
318.8623935,93.55868859,146.6879451,105.9634521
275.7731242,101.4049169,166.3596754,86.38663556
155.8540568,94.75242032,160.6109793,86.29779743
143.753485,104.9735754,159.8247847,93.07364833
520.3976514,97.34333688,128.7922224,82.00748379
441.7555973,111.446252,167.6272873,90.2338407
966.8289859,129.9646723,141.5478283,89.85617219
80.92012202,107.5404915,153.6899265,91.71568556
293.5604001,101.1883717,166.626907,92.33755766
258.2730592,89.4647671,157.6419908,98.89395474
162.3720136,99.55231175,162.2021334,93.34510581
92.71723857,96.59723869,140.7279514,91.27552807
954.2542949,99.03342968,181.0157404,87.2321681
534.9411127,87.45002133,169.4468916,86.54718573
371.4832657,82.38229225,156.201798,94.72791156
164.2953399,87.64347854,149.1781877,88.88962213
79.1141857,105.8510253,157.3113141,89.74256335
182.6876397,104.4950952,158.2770839,79.99485139
147.2152789,100.6084202,159.6005218,97.68340436
127.2626269,90.37333646,155.5070903,89.40952778
97.7915817,98.61025152,145.0886672,81.59123873
206.8431443,91.53557811,156.6434367,81.23014611
413.5404842,90.40672328,133.4718688,97.32588243
273.8742455,97.76103882,166.0729054,90.44824005
90.22292011,93.32778356,151.3255269,83.80058178
371.220452,91.88661976,132.4497047,89.24166054
158.5898498,96.12132301,157.7221342,98.46504105
171.2872847,112.8331099,152.4680137,88.42048306
282.3681747,82.90233749,149.452952,88.32784678
134.19595,104.4574839,156.6032084,82.4626631
38.88076657,99.72312389,148.5078556,84.94685692
26.95689743,101.9556884,145.5236333,89.17982063
131.7588616,99.85584511,158.0815346,97.40468618
144.5428356,107.8673982,144.1143626,96.58347236
24.99958214,103.1867292,146.7111842,91.24889097
346.6425543,105.4205484,168.0903133,92.37815313
127.3157496,93.1156985,158.5834797,86.41443638
108.5503277,93.61921398,153.52369,98.07933263
217.6477786,95.72560589,137.919481,98.26757074
176.5563534,98.0072113,137.5886668,93.39657281
149.7134503,104.3210234,145.308995,80.09806713
158.6247465,88.35853342,151.0331509,93.0735371
289.7921446,106.239657,161.7562917,101.2483935
217.163595,86.12649594,152.7031497,92.77250723
255.0297368,99.08775186,134.7131318,86.4155769
229.5720858,106.8044294,162.4286563,83.73600366
143.4470216,91.86353367,158.6950229,92.68218507
141.6309238,95.58880673,160.7326017,90.1624941
1126.515549,96.87170106,182.2294275,98.78934444
136.953727,89.40117669,155.2859537,92.93805873
94.58099303,93.31182167,147.3012964,83.67459664
224.1418839,85.30298174,147.7186104,90.74465315
77.73233989,102.5482167,156.1110105,83.97113353
364.9850055,99.40163391,168.303744,83.14357557
159.1445191,101.5792025,157.6489134,80.28587974
171.328572,93.95377485,160.7824709,84.98792195
125.9035276,94.74345364,141.1651575,87.24329747
184.165423,90.61640548,156.4215162,82.33872379
232.2850135,109.0707643,140.3167192,97.47935678
62.60247771,102.6461627,147.4290629,95.32289452
60.60867863,96.81096892,158.3401625,89.10862577
326.9738759,107.054667,137.0804979,78.48239353
979.8129054,93.33894644,180.7796298,87.99858969
145.0073375,109.3612281,146.8258586,82.5344166
209.8429711,106.0001604,162.5144655,86.8682926
815.1885091,88.4988837,156.5663605,114.8638972
366.6971687,103.3509425,131.004365,94.13491605
337.9123445,101.6487911,166.6355332,82.48338335
328.688041,83.21231811,157.0190917,91.09457414
211.7057712,98.70573894,141.6301229,77.99801611
264.8692573,93.04448534,164.5537532,91.98929873
370.0012965,110.230654,146.5579935,74.4667192
107.9163233,107.6655521,142.5178687,92.47775865
212.2914892,90.69498395,151.4364589,79.20221045
361.629744,104.7049117,133.0708123,96.91060064
270.5404788,85.668701,147.2927347,83.66427161
749.9798783,114.2488402,168.4972409,104.7792026
113.4975003,95.40825145,143.3562159,83.99575857
79.09585559,93.14209195,147.2872759,84.60776822
344.1393285,89.28735995,136.372195,83.90518335
379.093383,85.18165759,161.62276,95.73329611
80.62871324,98.58632114,140.5189079,89.81824757
99.45454605,103.2335296,149.832875,99.03634893
306.8833683,104.5144192,166.2407603,86.03785186
809.5753284,89.10173615,127.0568903,77.43513853
216.2312484,111.7070515,152.9354469,97.60336068
132.4351058,92.35141165,148.9999689,81.84279886
606.1833425,101.3815517,169.6604626,104.7616346
63.30822293,102.1349986,154.3683996,96.70029753
85.11094904,98.10137535,151.8146532,81.86453827
78.72682738,96.12056004,156.5727219,84.59378066
138.3574843,92.98032346,141.8480284,95.71496011
87.35151434,97.14119441,156.8423603,87.29395605
570.3465185,99.78475617,126.5326305,95.11416351
177.6113806,110.2130835,144.1547774,96.19711348
147.5979101,89.01460774,148.4059086,86.5278075
347.3263855,88.74647439,137.0687299,83.38917032
398.352823,119.2246937,144.3510097,86.95497053
359.4620207,105.0500472,134.5781065,99.77345225
138.373718,108.9218308,143.1010371,94.88525211
105.3611908,99.809461,159.2382522,86.59350441
395.9519061,93.44699479,159.2792111,106.346374
148.170216,105.4261226,154.0905071,100.5996798
804.0058758,80.14318121,164.3246624,75.05450443
1080.238196,119.0106352,135.3482528,67.81933387
176.6666373,103.0464823,137.6206998,85.45198
7.232695074,98.58525912,147.183662,93.07775725
246.5829385,96.29078679,162.1694304,99.6685093
67.80209168,94.93467915,154.3132225,94.4480576
150.9655602,108.7952059,155.8995306,82.53329606
98.61741085,107.8289771,154.7850662,90.74464126
724.3682756,99.14020317,125.1407741,79.9418136
171.5492321,103.6001427,138.7099997,84.15523998
254.397562,114.6338819,150.1319611,84.64246002
145.9266826,94.33757166,148.5215587,99.98589523
261.057085,96.07218202,162.3694634,99.85277898
177.9359242,94.89087113,142.552764,99.6224788
125.7337675,109.23322,144.036912,92.25925755
114.0883867,107.5903103,142.6782796,91.30229475
392.8197206,113.1780169,137.4132697,98.2703476
388.8878087,83.18851332,160.4101428,90.32201534
128.9964101,106.4035546,144.3913772,97.83718894
222.3936402,109.6147709,161.5164925,86.44768665
35.20157149,103.1714083,154.129847,88.16190814
134.1221475,90.93461606,155.4955431,93.28660569
175.0496226,99.96033791,136.9747696,86.62343453
60.51094833,94.27658719,148.8630718,85.4651878
494.8066336,97.86832909,171.9918335,93.17675495
408.5616235,87.78759087,135.7109854,83.21996307
406.8691654,98.62385262,166.4948476,78.33601224
672.2824753,106.8600636,124.9593334,92.93702135
258.8357319,89.86461265,144.197532,78.76164935
188.0175553,97.83424316,163.181996,87.7790336
374.5337775,103.5820592,168.477171,95.3612007
70.24458935,94.05429872,152.0224609,94.68144015
224.4939688,87.28161583,147.7210465,83.10309825
804.225646,77.83302782,167.1100133,92.36914363
99.68581151,92.53217899,152.4886117,95.37218726
351.4880099,102.8974939,166.8325391,81.60476831
278.4374567,89.65917476,159.1013132,80.5526411
288.1813285,112.2700212,161.4687448,88.48003015
74.78074927,108.8629913,148.3502667,86.87775724
6.954137213,103.0572719,148.9783517,92.32722719
29.25388981,96.10476828,147.4919053,87.1823452
324.1962613,98.5179872,137.2238416,77.46913199
427.0875999,109.5959753,168.0936539,87.16251452
533.4028339,112.464932,166.6288144,99.84529856
358.8776377,115.0346558,149.0977015,100.4040932
285.4867778,98.82089026,134.9503508,81.71610137
365.6931125,103.0452883,167.8947981,84.06662092
668.8509582,121.1879369,162.5982963,83.57287533
114.615909,97.20942271,155.2686314,80.95508234
170.7771525,113.1682736,146.3656241,93.81548456
258.1414649,88.25878129,139.6184107,91.34546623
913.4120939,78.9106549,171.0836923,85.33290945
306.2762249,94.10724104,134.3185614,94.71229741
33.04871549,102.2451525,146.5575182,94.36094253
520.8191988,93.44834088,128.0371667,88.51032893
127.7517953,95.02243902,141.0966546,85.14294517
565.3600477,101.0706164,126.9957076,83.8156191
335.0506892,95.1742465,135.7611594,100.6957454
27.93863306,102.0347724,148.9417312,94.3540657
667.2077679,92.347209,174.0592678,84.26919947
446.0587949,80.32630886,142.0893787,88.93554331
62.33490734,108.2258886,152.8930413,90.25465933
216.113009,98.86532158,136.7829754,83.07274324
248.789825,96.62639044,165.6134861,92.28207463
382.6345569,109.980446,160.327701,103.9358657
126.2607279,108.0241463,147.8216314,82.63556657
758.0903875,90.77269803,128.3701042,75.10570064
479.5969545,116.0054593,156.8127416,77.33960717
407.7117052,90.76609282,132.724869,85.57356637
298.1305648,110.3296372,135.9336092,88.85800558
507.4792829,91.79446249,141.5822599,109.6708281
492.2180116,102.6529573,166.2138896,75.15755003
166.0688794,94.47090191,138.0673798,88.67385861
56.71815817,96.64871146,149.9518762,82.83996703
262.3075659,102.7247778,164.515267,83.82781516
46.29332068,101.8984151,144.5349573,93.71777891
1092.946497,132.2244798,146.8622652,97.01968512
85.76285961,95.71720374,157.5471245,87.73031953
584.6053064,97.75243472,129.1340567,101.7161105
390.8971868,119.335303,151.7864565,90.0347727
878.7169912,105.1263478,121.2815764,94.30902257
291.8283508,101.4724527,159.2594763,75.31757538
160.3450703,102.3485206,140.8412877,80.98800774
441.7172402,98.03232071,130.2634533,83.3532234
50.67982849,96.80772436,156.8256329,87.85937257
23.99485923,99.31486889,153.8791981,85.02797147
95.24264807,96.81007656,148.565059,99.97344691
46.31285964,106.2905447,150.3177344,90.16646586
132.6929194,110.1782007,151.4337202,86.11632725
128.7509922,101.065974,159.823099,82.68230721
352.6683701,82.17848443,154.3124926,86.85162153
155.840679,99.49055597,152.8409398,79.20821015
129.6915608,89.46726202,150.2943828,92.38090199
302.1209951,95.79213867,160.2006107,103.3621665
264.7539327,86.60809894,143.2241799,94.53963508
478.551362,103.4628943,171.0656286,93.77319603
127.6209802,93.57018809,150.5758162,81.51759269
628.9913617,81.60390421,158.4134173,74.94711693
92.03095944,93.80130327,150.0709338,83.94642825
703.834913,121.5306337,164.7851881,95.00721657
231.2386015,97.15420507,161.8453953,81.70872568
619.6887194,109.650099,163.8436541,71.18923153
197.695579,91.33365511,138.6971988,88.99161221
299.5083364,97.05645727,144.7316936,105.9901831
170.9335753,102.9682944,142.084772,80.58310052
192.8564137,87.50306301,146.131069,88.60802139
455.1616985,90.11147547,134.2836718,100.8329455
402.0157653,110.1566983,142.4032625,105.2853313
28.64627969,103.0617388,148.271733,93.27077605
357.1214943,96.40915449,145.5320881,108.1333553
110.3619334,96.30525192,160.0145953,91.35631312
239.8538041,90.52095643,143.838196,79.29087741
102.5062258,95.4492206,159.4891484,88.65196501
261.8100817,112.3760379,150.4501281,100.6293736
238.1293122,85.91174025,144.4954402,90.31757697
14.48299791,97.60419113,148.8935756,91.14690024
49.44078394,104.2919408,147.7248909,95.25242335
18.98748593,97.14210457,152.0255372,87.82156918
129.7546974,89.45569028,151.6018966,89.93551998
424.8775339,105.0452101,133.2814146,79.06798147
200.0495374,90.99774524,159.9659435,86.06038243
182.6724735,106.6541146,162.1321722,92.43489133
107.8667616,103.1505446,146.8762943,80.57090371
82.84431932,105.4281878,155.0435912,84.1871065
766.0648001,109.0382443,138.647989,114.0509125
77.07131567,95.0490794,148.6148296,83.20217754
501.1739471,104.8523766,170.9737905,83.59100962
436.73976,84.21765871,141.6303908,101.0769728
33.54371071,102.1754563,145.6469314,91.0151557
386.4846084,102.4133423,168.107446,82.71006899
113.4745718,99.15162525,160.4458972,90.79021408
25.97319327,98.880951,153.9483235,89.60043592
52.80657239,101.2337479,157.8283858,91.29136641
360.3825284,84.25932359,140.3642999,94.07349774
195.3137555,112.0886926,156.4397277,90.4752882
451.2837712,80.97988412,154.2591107,98.64823559
457.4030999,79.01862605,147.6896962,85.57226245
203.6350259,102.5937831,161.741463,81.51026082
181.0549329,92.74682463,161.5784871,92.27305809
98.62241156,91.85990806,155.1433259,85.6669828
242.6250398,109.0379667,139.2294992,96.36418779
98.29103023,104.6881933,157.0928649,94.62801702
247.4139978,91.3824641,137.181138,94.03696157
425.2944325,119.4564115,156.9023358,91.94286394
778.8759521,87.33857093,125.3265043,85.02785326
716.8402742,114.6825913,128.3370132,96.41940685
81.85425669,93.19651743,156.0025535,91.94012876
15.2809495,101.4734411,151.74953,88.52580665
221.9565584,92.17587121,137.1533058,90.67523198
159.2979626,99.74542076,163.0934862,90.17723878
284.5705819,108.2799553,161.2628678,99.16490541
74.59603344,91.64682935,146.7287395,91.33648897
215.1654078,87.27391995,151.8165355,97.65076534
345.56938,114.9493087,144.7893339,79.95808542
308.9264416,84.12878597,146.3686033,96.4843981
366.3675504,118.9047005,149.681246,92.78441926
530.9905901,78.15556138,156.9476051,87.24945464
886.5817648,119.2683371,139.2001737,109.9003306
467.5005,101.7341639,141.2507517,70.52639665
458.8359605,98.46400619,139.459519,108.4118393
279.5505515,95.16645852,136.1090623,97.37255691
382.8638035,109.4704392,135.1598028,81.34277666
116.9711224,103.9232021,139.3732102,90.15097643
205.2112234,87.64943652,157.3590366,92.20460908
108.5984376,105.643503,157.8848228,93.75056125
224.0413804,108.3599707,139.7369413,83.29352747
349.1684072,88.38124516,137.3695561,97.86496462
335.2115978,114.0690583,146.4393982,78.15464726
